"Time","max","p95","p90","min","mean"
2024-08-09 03:11:19,3.24 ms,3.24 ms,3.24 ms,3.24 ms,3.24 ms
2024-08-09 03:11:20,5.53 ms,5.53 ms,5.53 ms,5.53 ms,5.53 ms
2024-08-09 03:11:21,8.31 ms,8.31 ms,8.31 ms,8.31 ms,8.31 ms
2024-08-09 03:11:22,4.12 ms,4.12 ms,4.12 ms,4.12 ms,4.12 ms
2024-08-09 03:11:23,40.0 ms,40.0 ms,40.0 ms,40.0 ms,40.0 ms
2024-08-09 03:11:24,4.09 ms,4.09 ms,4.09 ms,4.09 ms,4.09 ms
2024-08-09 03:11:25,7.98 ms,7.98 ms,7.98 ms,7.98 ms,7.98 ms
2024-08-09 03:11:26,7.53 ms,7.53 ms,7.53 ms,7.53 ms,7.53 ms
2024-08-09 03:11:27,15.0 ms,15.0 ms,15.0 ms,15.0 ms,15.0 ms
2024-08-09 03:11:28,1.55 ms,1.55 ms,1.55 ms,1.55 ms,1.55 ms
2024-08-09 03:11:29,3.01 ms,3.01 ms,3.01 ms,3.01 ms,3.01 ms
2024-08-09 03:11:30,1.58 ms,1.58 ms,1.58 ms,1.58 ms,1.58 ms
2024-08-09 03:11:32,1.54 ms,1.54 ms,1.54 ms,1.54 ms,1.54 ms
2024-08-09 03:11:33,1.53 ms,1.53 ms,1.53 ms,1.53 ms,1.53 ms
2024-08-09 03:11:34,1.53 ms,1.53 ms,1.53 ms,1.53 ms,1.53 ms
2024-08-09 03:11:35,32.6 ms,32.6 ms,32.6 ms,32.6 ms,32.6 ms
2024-08-09 03:11:36,13.1 ms,13.1 ms,13.1 ms,13.1 ms,13.1 ms
2024-08-09 03:11:37,2.53 ms,2.53 ms,2.53 ms,2.53 ms,2.53 ms
2024-08-09 03:11:38,1.96 ms,1.96 ms,1.96 ms,1.96 ms,1.96 ms
2024-08-09 03:11:39,1.55 ms,1.55 ms,1.55 ms,1.55 ms,1.55 ms
2024-08-09 03:11:40,1.00 ms,1.00 ms,1.00 ms,1.00 ms,1.00 ms
2024-08-09 03:11:41,1.54 ms,1.54 ms,1.54 ms,1.54 ms,1.54 ms
2024-08-09 03:11:42,1.52 ms,1.52 ms,1.52 ms,1.52 ms,1.52 ms
2024-08-09 03:11:43,2.04 ms,2.04 ms,2.04 ms,2.04 ms,2.04 ms
2024-08-09 03:11:44,1.62 ms,1.62 ms,1.62 ms,1.62 ms,1.62 ms
2024-08-09 03:11:45,1.54 ms,1.54 ms,1.54 ms,1.54 ms,1.54 ms
2024-08-09 03:11:46,1.82 ms,1.82 ms,1.82 ms,1.82 ms,1.82 ms
2024-08-09 03:11:47,3.02 ms,3.02 ms,3.02 ms,3.02 ms,3.02 ms
2024-08-09 03:11:48,3.89 ms,3.89 ms,3.89 ms,3.89 ms,3.89 ms
2024-08-09 03:11:49,1.54 ms,1.54 ms,1.54 ms,1.54 ms,1.54 ms
2024-08-09 03:11:50,1.54 ms,1.54 ms,1.54 ms,1.54 ms,1.54 ms
2024-08-09 03:11:51,0.518 ms,0.518 ms,0.518 ms,0.518 ms,0.518 ms
2024-08-09 03:11:52,2.04 ms,2.04 ms,2.04 ms,2.04 ms,2.04 ms
2024-08-09 03:11:53,1.54 ms,1.54 ms,1.54 ms,1.54 ms,1.54 ms
2024-08-09 03:11:54,1.57 ms,1.57 ms,1.57 ms,1.57 ms,1.57 ms
2024-08-09 03:11:55,1.54 ms,1.54 ms,1.54 ms,1.54 ms,1.54 ms
2024-08-09 03:11:56,1.53 ms,1.53 ms,1.53 ms,1.53 ms,1.53 ms
2024-08-09 03:11:57,1.54 ms,1.54 ms,1.54 ms,1.54 ms,1.54 ms
2024-08-09 03:11:58,0.520 ms,0.520 ms,0.520 ms,0.520 ms,0.520 ms
2024-08-09 03:11:59,1.55 ms,1.55 ms,1.55 ms,1.55 ms,1.55 ms
2024-08-09 03:12:00,1.53 ms,1.53 ms,1.53 ms,1.53 ms,1.53 ms
2024-08-09 03:12:01,1.52 ms,1.52 ms,1.52 ms,1.52 ms,1.52 ms
2024-08-09 03:12:02,2.55 ms,2.55 ms,2.55 ms,2.55 ms,2.55 ms
2024-08-09 03:12:03,1.53 ms,1.53 ms,1.53 ms,1.53 ms,1.53 ms
2024-08-09 03:12:04,1.98 ms,1.98 ms,1.98 ms,1.98 ms,1.98 ms
2024-08-09 03:12:05,1.53 ms,1.53 ms,1.53 ms,1.53 ms,1.53 ms
2024-08-09 03:12:06,1.55 ms,1.55 ms,1.55 ms,1.55 ms,1.55 ms
2024-08-09 03:12:07,0.749 ms,0.749 ms,0.749 ms,0.749 ms,0.749 ms
2024-08-09 03:12:08,1.28 ms,1.28 ms,1.28 ms,1.28 ms,1.28 ms
2024-08-09 03:12:09,1.53 ms,1.53 ms,1.53 ms,1.53 ms,1.53 ms
2024-08-09 03:12:10,2.23 ms,2.23 ms,2.23 ms,2.23 ms,2.23 ms
2024-08-09 03:12:11,1.66 ms,1.66 ms,1.66 ms,1.66 ms,1.66 ms
2024-08-09 03:12:12,1.53 ms,1.53 ms,1.53 ms,1.53 ms,1.53 ms
2024-08-09 03:12:13,1.57 ms,1.57 ms,1.57 ms,1.57 ms,1.57 ms
2024-08-09 03:12:14,1.54 ms,1.54 ms,1.54 ms,1.54 ms,1.54 ms
2024-08-09 03:12:15,1.81 ms,1.81 ms,1.81 ms,1.81 ms,1.81 ms
2024-08-09 03:12:16,1.54 ms,1.54 ms,1.54 ms,1.54 ms,1.54 ms
2024-08-09 03:12:17,1.59 ms,1.59 ms,1.59 ms,1.59 ms,1.59 ms
2024-08-09 03:12:18,1.52 ms,1.52 ms,1.52 ms,1.52 ms,1.52 ms
2024-08-09 03:12:19,1.57 ms,1.57 ms,1.57 ms,0.546 ms,1.22 ms
2024-08-09 03:12:20,4.39 ms,4.39 ms,4.39 ms,1.07 ms,2.13 ms
2024-08-09 03:12:21,2.13 ms,2.13 ms,2.12 ms,1.53 ms,1.75 ms
2024-08-09 03:12:22,2.72 ms,2.72 ms,2.58 ms,1.13 ms,1.94 ms
2024-08-09 03:12:23,2.90 ms,2.90 ms,2.65 ms,0.518 ms,1.76 ms
2024-08-09 03:12:24,4.14 ms,4.12 ms,4.12 ms,1.52 ms,2.72 ms
2024-08-09 03:12:25,32.6 ms,32.0 ms,32.0 ms,1.20 ms,8.85 ms
2024-08-09 03:12:26,6.17 ms,5.08 ms,5.08 ms,2.15 ms,3.53 ms
2024-08-09 03:12:27,3.67 ms,3.64 ms,3.64 ms,2.30 ms,3.03 ms
2024-08-09 03:12:28,15.5 ms,14.3 ms,13.1 ms,1.54 ms,5.07 ms
2024-08-09 03:12:29,3.86 ms,3.46 ms,3.26 ms,1.53 ms,2.44 ms
2024-08-09 03:12:30,5.65 ms,5.04 ms,4.87 ms,1.54 ms,3.16 ms
2024-08-09 03:12:31,3.98 ms,3.95 ms,3.84 ms,1.13 ms,2.98 ms
2024-08-09 03:12:32,3.63 ms,3.53 ms,3.25 ms,1.52 ms,2.46 ms
2024-08-09 03:12:33,2.90 ms,2.74 ms,2.72 ms,1.53 ms,2.15 ms
2024-08-09 03:12:34,3.62 ms,3.51 ms,3.20 ms,1.52 ms,2.40 ms
2024-08-09 03:12:35,4.01 ms,3.70 ms,3.38 ms,1.53 ms,2.62 ms
2024-08-09 03:12:36,3.54 ms,3.36 ms,3.19 ms,1.52 ms,2.53 ms
2024-08-09 03:12:37,5.08 ms,4.37 ms,2.89 ms,1.55 ms,2.47 ms
2024-08-09 03:12:38,7.03 ms,6.54 ms,6.07 ms,0.511 ms,3.26 ms
2024-08-09 03:12:39,13.4 ms,10.9 ms,5.97 ms,1.17 ms,4.18 ms
2024-08-09 03:12:40,9.90 ms,9.29 ms,8.95 ms,1.52 ms,4.34 ms
2024-08-09 03:12:41,7.28 ms,5.87 ms,5.65 ms,1.53 ms,3.21 ms
2024-08-09 03:12:42,7.20 ms,6.17 ms,5.46 ms,1.53 ms,3.36 ms
2024-08-09 03:12:43,7.44 ms,6.44 ms,5.78 ms,1.02 ms,3.29 ms
2024-08-09 03:12:44,5.98 ms,5.22 ms,4.82 ms,0.519 ms,3.01 ms
2024-08-09 03:12:45,5.66 ms,5.26 ms,4.74 ms,1.52 ms,3.14 ms
2024-08-09 03:12:46,10.1 ms,7.91 ms,5.88 ms,1.53 ms,3.83 ms
2024-08-09 03:12:47,8.13 ms,6.27 ms,5.76 ms,1.53 ms,3.67 ms
2024-08-09 03:12:48,5.81 ms,5.03 ms,4.46 ms,1.52 ms,3.08 ms
2024-08-09 03:12:49,5.91 ms,5.60 ms,5.33 ms,1.52 ms,3.40 ms
2024-08-09 03:12:50,8.47 ms,7.83 ms,6.93 ms,1.52 ms,3.95 ms
2024-08-09 03:12:51,13.0 ms,11.3 ms,11.0 ms,1.53 ms,6.19 ms
2024-08-09 03:12:52,8.70 ms,8.23 ms,7.73 ms,2.45 ms,5.38 ms
2024-08-09 03:12:53,11.0 ms,10.7 ms,9.68 ms,1.57 ms,5.99 ms
2024-08-09 03:12:54,10.7 ms,9.58 ms,9.14 ms,0.522 ms,4.67 ms
2024-08-09 03:12:55,6.56 ms,6.12 ms,4.80 ms,1.24 ms,3.11 ms
2024-08-09 03:12:56,7.38 ms,6.86 ms,6.68 ms,1.13 ms,3.56 ms
2024-08-09 03:12:57,7.47 ms,6.95 ms,5.85 ms,0.971 ms,3.40 ms
2024-08-09 03:12:58,17.3 ms,7.46 ms,6.91 ms,1.12 ms,4.51 ms
2024-08-09 03:12:59,6.76 ms,6.05 ms,4.65 ms,1.52 ms,3.28 ms
2024-08-09 03:13:00,8.22 ms,7.97 ms,6.32 ms,1.18 ms,3.84 ms
2024-08-09 03:13:01,6.59 ms,6.34 ms,5.59 ms,1.19 ms,3.53 ms
2024-08-09 03:13:02,8.40 ms,6.78 ms,6.10 ms,1.52 ms,3.92 ms
2024-08-09 03:13:03,5.38 ms,5.03 ms,4.80 ms,1.53 ms,3.14 ms
2024-08-09 03:13:04,6.12 ms,5.34 ms,4.45 ms,0.512 ms,2.99 ms
2024-08-09 03:13:05,9.68 ms,8.84 ms,6.36 ms,1.08 ms,4.01 ms
2024-08-09 03:13:06,11.3 ms,10.9 ms,10.7 ms,1.53 ms,6.10 ms
2024-08-09 03:13:07,37.4 ms,35.4 ms,29.1 ms,3.16 ms,16.7 ms
2024-08-09 03:13:08,31.3 ms,26.1 ms,25.2 ms,2.65 ms,13.3 ms
2024-08-09 03:13:09,49.2 ms,37.2 ms,36.3 ms,2.70 ms,16.2 ms
2024-08-09 03:13:10,40.4 ms,29.3 ms,21.5 ms,2.26 ms,11.4 ms
2024-08-09 03:13:11,12.5 ms,11.7 ms,8.59 ms,1.56 ms,5.09 ms
2024-08-09 03:13:12,62.8 ms,18.3 ms,16.8 ms,2.54 ms,8.98 ms
2024-08-09 03:13:13,26.2 ms,22.6 ms,19.9 ms,2.03 ms,10.00 ms
2024-08-09 03:13:14,15.1 ms,9.69 ms,8.55 ms,1.55 ms,4.91 ms
2024-08-09 03:13:15,74.4 ms,44.7 ms,42.2 ms,2.11 ms,17.0 ms
2024-08-09 03:13:16,19.5 ms,15.8 ms,14.2 ms,1.22 ms,8.35 ms
2024-08-09 03:13:17,8.70 ms,8.20 ms,7.68 ms,0.515 ms,5.58 ms
2024-08-09 03:13:18,15.8 ms,14.0 ms,12.4 ms,1.44 ms,7.34 ms
2024-08-09 03:13:19,36.3 ms,31.7 ms,18.6 ms,1.15 ms,10.5 ms
2024-08-09 03:13:20,17.1 ms,15.7 ms,9.20 ms,1.53 ms,6.14 ms
2024-08-09 03:13:21,16.5 ms,10.4 ms,8.73 ms,1.09 ms,5.02 ms
2024-08-09 03:13:22,8.16 ms,7.16 ms,6.24 ms,0.509 ms,4.07 ms
2024-08-09 03:13:23,7.61 ms,7.06 ms,6.48 ms,1.08 ms,3.74 ms
2024-08-09 03:13:24,6.11 ms,5.82 ms,5.62 ms,0.658 ms,3.30 ms
2024-08-09 03:13:25,10.4 ms,8.57 ms,6.63 ms,0.516 ms,3.92 ms
2024-08-09 03:13:26,13.0 ms,12.6 ms,12.1 ms,1.54 ms,6.45 ms
2024-08-09 03:13:27,9.10 ms,7.09 ms,6.85 ms,0.517 ms,4.48 ms
2024-08-09 03:13:28,6.60 ms,5.41 ms,5.02 ms,1.11 ms,3.27 ms
2024-08-09 03:13:29,6.33 ms,5.63 ms,5.47 ms,0.510 ms,3.43 ms
2024-08-09 03:13:30,8.24 ms,7.19 ms,5.83 ms,0.522 ms,3.70 ms
2024-08-09 03:13:31,6.33 ms,5.69 ms,5.47 ms,0.514 ms,3.20 ms
2024-08-09 03:13:32,7.04 ms,5.72 ms,5.47 ms,0.511 ms,3.55 ms
2024-08-09 03:13:33,7.00 ms,4.82 ms,4.52 ms,0.515 ms,3.18 ms
2024-08-09 03:13:34,20.7 ms,7.76 ms,6.79 ms,0.520 ms,3.95 ms
2024-08-09 03:13:35,8.11 ms,6.86 ms,5.68 ms,0.510 ms,3.71 ms
2024-08-09 03:13:36,7.90 ms,7.24 ms,6.43 ms,0.549 ms,3.74 ms
2024-08-09 03:13:37,16.1 ms,15.4 ms,9.10 ms,1.08 ms,4.89 ms
2024-08-09 03:13:38,9.44 ms,8.31 ms,6.80 ms,0.511 ms,4.02 ms
2024-08-09 03:13:39,8.93 ms,7.85 ms,7.43 ms,0.653 ms,4.35 ms
2024-08-09 03:13:40,10.2 ms,6.90 ms,5.95 ms,0.509 ms,3.71 ms
2024-08-09 03:13:41,12.0 ms,8.65 ms,8.07 ms,1.52 ms,5.64 ms
2024-08-09 03:13:42,19.4 ms,15.3 ms,14.3 ms,1.53 ms,7.64 ms
2024-08-09 03:13:43,15.5 ms,13.6 ms,11.2 ms,1.13 ms,6.27 ms
2024-08-09 03:13:44,13.6 ms,11.2 ms,9.52 ms,0.513 ms,5.53 ms
2024-08-09 03:13:45,31.7 ms,7.52 ms,6.64 ms,0.547 ms,4.46 ms
2024-08-09 03:13:46,13.3 ms,10.6 ms,8.56 ms,0.512 ms,5.45 ms
2024-08-09 03:13:47,12.4 ms,9.40 ms,7.52 ms,0.524 ms,4.56 ms
2024-08-09 03:13:48,8.50 ms,7.09 ms,6.57 ms,0.522 ms,4.41 ms
2024-08-09 03:13:49,8.11 ms,7.71 ms,7.24 ms,0.512 ms,4.07 ms
2024-08-09 03:13:50,6.64 ms,5.23 ms,4.66 ms,0.518 ms,2.89 ms
2024-08-09 03:13:51,9.91 ms,7.43 ms,6.42 ms,0.513 ms,3.89 ms
2024-08-09 03:13:52,9.29 ms,7.54 ms,7.18 ms,0.509 ms,4.02 ms
2024-08-09 03:13:53,9.25 ms,8.45 ms,7.40 ms,0.517 ms,3.72 ms
2024-08-09 03:13:54,10.9 ms,8.53 ms,7.63 ms,0.520 ms,4.10 ms
2024-08-09 03:13:55,8.05 ms,7.18 ms,6.38 ms,0.512 ms,4.03 ms
2024-08-09 03:13:56,6.17 ms,5.23 ms,4.91 ms,0.513 ms,3.27 ms
2024-08-09 03:13:57,12.0 ms,9.00 ms,7.60 ms,0.513 ms,4.51 ms
2024-08-09 03:13:58,11.1 ms,10.3 ms,8.44 ms,0.510 ms,4.75 ms
2024-08-09 03:13:59,10.3 ms,8.95 ms,7.38 ms,0.513 ms,4.26 ms
2024-08-09 03:14:00,13.9 ms,9.75 ms,8.26 ms,0.514 ms,4.75 ms
2024-08-09 03:14:01,10.3 ms,9.33 ms,7.86 ms,0.509 ms,4.45 ms
2024-08-09 03:14:02,11.2 ms,8.88 ms,8.42 ms,0.521 ms,4.68 ms
2024-08-09 03:14:03,9.87 ms,7.70 ms,7.03 ms,0.514 ms,3.64 ms
2024-08-09 03:14:04,19.1 ms,10.5 ms,9.11 ms,0.513 ms,5.31 ms
2024-08-09 03:14:05,15.4 ms,12.5 ms,9.97 ms,1.29 ms,6.07 ms
2024-08-09 03:14:06,12.6 ms,10.5 ms,8.24 ms,1.52 ms,4.93 ms
2024-08-09 03:14:07,70.3 ms,61.2 ms,21.4 ms,0.514 ms,12.9 ms
2024-08-09 03:14:08,31.8 ms,27.7 ms,23.6 ms,1.53 ms,11.9 ms
2024-08-09 03:14:09,125 ms,117 ms,104 ms,1.17 ms,35.1 ms
2024-08-09 03:14:10,71.8 ms,62.9 ms,43.6 ms,2.10 ms,15.8 ms
2024-08-09 03:14:11,44.6 ms,28.0 ms,20.0 ms,1.28 ms,10.5 ms
2024-08-09 03:14:12,32.0 ms,29.7 ms,27.5 ms,1.14 ms,13.6 ms
2024-08-09 03:14:13,44.0 ms,20.8 ms,13.0 ms,1.20 ms,7.46 ms
2024-08-09 03:14:14,22.4 ms,19.8 ms,19.2 ms,1.56 ms,10.6 ms
2024-08-09 03:14:15,28.5 ms,20.7 ms,15.3 ms,1.53 ms,8.74 ms
2024-08-09 03:14:16,37.5 ms,31.5 ms,27.6 ms,2.00 ms,15.7 ms
2024-08-09 03:14:17,49.6 ms,30.7 ms,19.5 ms,1.13 ms,11.0 ms
2024-08-09 03:14:18,29.1 ms,23.7 ms,22.2 ms,2.53 ms,13.0 ms
2024-08-09 03:14:19,42.9 ms,33.9 ms,26.6 ms,1.53 ms,12.0 ms
2024-08-09 03:14:20,15.2 ms,11.5 ms,9.95 ms,1.09 ms,6.45 ms
2024-08-09 03:14:21,97.6 ms,72.0 ms,66.1 ms,1.54 ms,25.7 ms
2024-08-09 03:14:22,35.6 ms,24.2 ms,19.6 ms,1.43 ms,10.7 ms
2024-08-09 03:14:23,36.0 ms,32.8 ms,30.5 ms,0.526 ms,12.4 ms
2024-08-09 03:14:24,9.38 ms,8.14 ms,7.48 ms,0.520 ms,4.16 ms
2024-08-09 03:14:25,11.6 ms,7.46 ms,7.17 ms,0.557 ms,4.05 ms
2024-08-09 03:14:26,10.6 ms,8.70 ms,6.54 ms,0.522 ms,3.87 ms
2024-08-09 03:14:27,16.3 ms,13.5 ms,12.1 ms,0.512 ms,5.46 ms
2024-08-09 03:14:28,14.6 ms,13.0 ms,10.1 ms,1.54 ms,6.22 ms
2024-08-09 03:14:29,54.8 ms,20.4 ms,12.7 ms,1.53 ms,8.92 ms
2024-08-09 03:14:30,18.6 ms,14.0 ms,11.6 ms,0.516 ms,7.11 ms
2024-08-09 03:14:31,11.8 ms,7.83 ms,7.02 ms,0.510 ms,4.84 ms
2024-08-09 03:14:32,12.1 ms,8.67 ms,7.85 ms,0.946 ms,5.10 ms
2024-08-09 03:14:33,16.3 ms,10.6 ms,8.00 ms,0.511 ms,5.53 ms
2024-08-09 03:14:34,11.9 ms,10.8 ms,9.17 ms,1.52 ms,5.79 ms
2024-08-09 03:14:35,14.3 ms,12.5 ms,11.8 ms,0.516 ms,6.86 ms
2024-08-09 03:14:36,15.4 ms,11.8 ms,10.0 ms,0.520 ms,6.08 ms
2024-08-09 03:14:37,12.6 ms,10.8 ms,9.95 ms,0.513 ms,5.87 ms
2024-08-09 03:14:38,14.4 ms,11.3 ms,9.68 ms,1.22 ms,5.68 ms
2024-08-09 03:14:39,19.6 ms,15.6 ms,12.2 ms,1.19 ms,6.59 ms
2024-08-09 03:14:40,9.07 ms,8.01 ms,7.12 ms,1.01 ms,4.40 ms
2024-08-09 03:14:41,19.0 ms,13.9 ms,11.4 ms,1.000 ms,6.15 ms
2024-08-09 03:14:42,17.4 ms,15.7 ms,14.2 ms,0.510 ms,6.93 ms
2024-08-09 03:14:43,28.0 ms,20.7 ms,15.7 ms,0.998 ms,8.04 ms
2024-08-09 03:14:44,93.6 ms,61.7 ms,51.7 ms,1.54 ms,26.0 ms
2024-08-09 03:14:45,25.9 ms,21.7 ms,20.6 ms,1.54 ms,11.3 ms
2024-08-09 03:14:46,15.4 ms,11.9 ms,10.1 ms,1.09 ms,6.35 ms
2024-08-09 03:14:47,16.1 ms,14.4 ms,9.18 ms,1.11 ms,5.35 ms
2024-08-09 03:14:48,15.4 ms,10.5 ms,8.83 ms,0.624 ms,4.86 ms
2024-08-09 03:14:49,12.3 ms,10.0 ms,9.33 ms,1.24 ms,5.70 ms
2024-08-09 03:14:50,16.7 ms,14.5 ms,12.2 ms,1.31 ms,7.83 ms
2024-08-09 03:14:51,9.42 ms,8.44 ms,7.43 ms,0.510 ms,4.51 ms
2024-08-09 03:14:52,17.6 ms,12.8 ms,11.6 ms,0.585 ms,6.99 ms
2024-08-09 03:14:53,12.1 ms,9.29 ms,8.70 ms,0.512 ms,5.47 ms
2024-08-09 03:14:54,9.79 ms,8.80 ms,7.74 ms,0.552 ms,4.41 ms
2024-08-09 03:14:55,10.5 ms,7.73 ms,7.17 ms,0.510 ms,4.63 ms
2024-08-09 03:14:56,20.2 ms,16.6 ms,12.8 ms,0.521 ms,7.29 ms
2024-08-09 03:14:57,17.2 ms,13.9 ms,12.6 ms,0.507 ms,6.71 ms
2024-08-09 03:14:58,25.2 ms,20.3 ms,15.6 ms,1.18 ms,8.47 ms
2024-08-09 03:14:59,25.7 ms,19.1 ms,16.7 ms,1.27 ms,6.24 ms
2024-08-09 03:15:00,11.1 ms,8.59 ms,7.54 ms,0.790 ms,4.29 ms
2024-08-09 03:15:01,10.7 ms,9.24 ms,8.19 ms,0.525 ms,4.84 ms
2024-08-09 03:15:02,10.3 ms,8.55 ms,7.90 ms,0.516 ms,4.54 ms
2024-08-09 03:15:03,13.7 ms,9.67 ms,8.55 ms,0.518 ms,5.15 ms
2024-08-09 03:15:04,37.3 ms,8.58 ms,8.05 ms,0.517 ms,5.04 ms
2024-08-09 03:15:05,14.5 ms,11.0 ms,10.4 ms,1.12 ms,5.82 ms
2024-08-09 03:15:06,16.1 ms,9.86 ms,8.31 ms,1.23 ms,5.04 ms
2024-08-09 03:15:07,74.5 ms,57.3 ms,50.1 ms,0.516 ms,13.2 ms
2024-08-09 03:15:08,25.7 ms,15.5 ms,14.7 ms,1.67 ms,8.38 ms
2024-08-09 03:15:09,148 ms,127 ms,124 ms,1.54 ms,42.0 ms
2024-08-09 03:15:10,160 ms,140 ms,96.2 ms,1.17 ms,47.3 ms
2024-08-09 03:15:11,110 ms,77.8 ms,65.5 ms,2.38 ms,28.8 ms
2024-08-09 03:15:12,61.2 ms,46.6 ms,43.0 ms,1.54 ms,22.1 ms
2024-08-09 03:15:13,37.1 ms,31.3 ms,25.2 ms,1.34 ms,13.0 ms
2024-08-09 03:15:14,68.4 ms,51.9 ms,35.7 ms,1.54 ms,16.4 ms
2024-08-09 03:15:15,36.3 ms,33.0 ms,25.7 ms,1.11 ms,9.95 ms
2024-08-09 03:15:16,108 ms,99.2 ms,87.8 ms,1.54 ms,41.1 ms
2024-08-09 03:15:17,104 ms,88.5 ms,80.8 ms,2.08 ms,25.4 ms
2024-08-09 03:15:18,68.6 ms,56.9 ms,51.1 ms,1.83 ms,26.8 ms
2024-08-09 03:15:19,157 ms,144 ms,111 ms,3.24 ms,72.2 ms
2024-08-09 03:15:20,56.7 ms,38.3 ms,36.6 ms,2.05 ms,21.9 ms
2024-08-09 03:15:21,34.9 ms,27.3 ms,19.4 ms,1.24 ms,10.2 ms
2024-08-09 03:15:22,144 ms,139 ms,127 ms,1.99 ms,68.2 ms
2024-08-09 03:15:23,51.8 ms,39.3 ms,33.9 ms,1.94 ms,16.4 ms
2024-08-09 03:15:24,27.8 ms,18.3 ms,15.1 ms,0.516 ms,7.88 ms
2024-08-09 03:15:25,117 ms,104 ms,89.2 ms,1.52 ms,27.6 ms
2024-08-09 03:15:26,157 ms,154 ms,147 ms,2.37 ms,66.5 ms
2024-08-09 03:15:27,75.4 ms,39.6 ms,32.3 ms,1.38 ms,12.4 ms
2024-08-09 03:15:28,101 ms,68.1 ms,59.9 ms,1.77 ms,21.3 ms
2024-08-09 03:15:29,87.8 ms,61.9 ms,56.8 ms,0.769 ms,16.7 ms
2024-08-09 03:15:30,24.7 ms,18.3 ms,17.3 ms,1.45 ms,8.98 ms
2024-08-09 03:15:31,50.3 ms,31.4 ms,26.6 ms,1.21 ms,16.5 ms
2024-08-09 03:15:32,32.5 ms,18.2 ms,15.7 ms,1.40 ms,8.57 ms
2024-08-09 03:15:33,28.7 ms,22.7 ms,20.9 ms,0.691 ms,10.2 ms
2024-08-09 03:15:34,34.0 ms,22.7 ms,20.5 ms,0.513 ms,10.6 ms
2024-08-09 03:15:35,21.6 ms,17.6 ms,16.8 ms,1.15 ms,9.50 ms
2024-08-09 03:15:36,51.9 ms,40.9 ms,39.2 ms,1.53 ms,22.1 ms
2024-08-09 03:15:37,30.7 ms,25.6 ms,21.4 ms,1.53 ms,12.8 ms
2024-08-09 03:15:38,61.9 ms,53.7 ms,36.1 ms,1.53 ms,14.4 ms
2024-08-09 03:15:39,30.9 ms,24.3 ms,21.6 ms,1.54 ms,10.9 ms
2024-08-09 03:15:40,46.0 ms,28.5 ms,19.2 ms,0.987 ms,9.52 ms
2024-08-09 03:15:41,28.2 ms,16.0 ms,14.0 ms,1.18 ms,7.46 ms
2024-08-09 03:15:42,14.0 ms,11.5 ms,9.55 ms,0.516 ms,5.49 ms
2024-08-09 03:15:43,13.6 ms,11.0 ms,9.95 ms,0.524 ms,6.12 ms
2024-08-09 03:15:44,51.1 ms,9.48 ms,8.35 ms,0.693 ms,5.38 ms
2024-08-09 03:15:45,24.7 ms,19.2 ms,15.3 ms,1.28 ms,8.02 ms
2024-08-09 03:15:46,25.5 ms,14.9 ms,12.6 ms,1.22 ms,7.67 ms
2024-08-09 03:15:47,138 ms,103 ms,81.1 ms,0.658 ms,27.7 ms
2024-08-09 03:15:48,362 ms,341 ms,326 ms,2.16 ms,145 ms
2024-08-09 03:15:49,242 ms,226 ms,222 ms,1.09 ms,50.1 ms
2024-08-09 03:15:50,40.8 ms,19.9 ms,14.5 ms,0.996 ms,8.24 ms
2024-08-09 03:15:51,20.1 ms,13.2 ms,11.3 ms,1.10 ms,6.26 ms
2024-08-09 03:15:52,19.9 ms,12.4 ms,11.2 ms,0.833 ms,6.32 ms
2024-08-09 03:15:53,12.2 ms,9.08 ms,8.61 ms,1.13 ms,5.46 ms
2024-08-09 03:15:54,12.6 ms,10.9 ms,9.40 ms,0.549 ms,6.03 ms
2024-08-09 03:15:55,68.5 ms,29.0 ms,17.8 ms,0.588 ms,8.68 ms
2024-08-09 03:15:56,24.0 ms,15.2 ms,12.3 ms,0.550 ms,6.44 ms
2024-08-09 03:15:57,15.1 ms,12.2 ms,11.1 ms,1.18 ms,6.86 ms
2024-08-09 03:15:58,14.4 ms,13.0 ms,12.5 ms,0.539 ms,6.27 ms
2024-08-09 03:15:59,17.1 ms,13.2 ms,11.2 ms,1.11 ms,5.53 ms
2024-08-09 03:16:00,53.5 ms,39.2 ms,16.9 ms,1.11 ms,10.4 ms
2024-08-09 03:16:01,20.7 ms,17.9 ms,15.1 ms,0.525 ms,8.47 ms
2024-08-09 03:16:02,24.1 ms,20.3 ms,18.1 ms,1.07 ms,7.33 ms
2024-08-09 03:16:03,18.1 ms,10.2 ms,9.39 ms,1.37 ms,5.78 ms
2024-08-09 03:16:04,21.1 ms,12.4 ms,11.0 ms,1.04 ms,6.89 ms
2024-08-09 03:16:05,53.9 ms,25.8 ms,20.3 ms,1.53 ms,10.9 ms
2024-08-09 03:16:06,60.5 ms,44.5 ms,31.0 ms,0.515 ms,16.5 ms
2024-08-09 03:16:07,66.5 ms,25.4 ms,20.4 ms,1.53 ms,11.4 ms
2024-08-09 03:16:08,114 ms,107 ms,98.6 ms,2.49 ms,39.5 ms
2024-08-09 03:16:09,73.7 ms,65.8 ms,50.2 ms,2.16 ms,19.9 ms
2024-08-09 03:16:10,94.3 ms,73.5 ms,67.7 ms,3.40 ms,30.3 ms
2024-08-09 03:16:11,47.5 ms,42.1 ms,35.5 ms,1.89 ms,18.0 ms
2024-08-09 03:16:12,118 ms,97.2 ms,76.4 ms,2.00 ms,35.4 ms
2024-08-09 03:16:13,38.5 ms,29.6 ms,20.8 ms,2.05 ms,13.9 ms
2024-08-09 03:16:14,52.7 ms,37.5 ms,34.6 ms,2.56 ms,18.4 ms
2024-08-09 03:16:15,93.4 ms,54.1 ms,52.3 ms,1.55 ms,29.0 ms
2024-08-09 03:16:16,166 ms,121 ms,107 ms,1.01 ms,41.6 ms
2024-08-09 03:16:17,66.6 ms,52.8 ms,44.5 ms,1.90 ms,19.3 ms
2024-08-09 03:16:18,88.5 ms,58.6 ms,50.8 ms,1.22 ms,23.8 ms
2024-08-09 03:16:19,52.9 ms,34.7 ms,24.6 ms,1.35 ms,11.7 ms
2024-08-09 03:16:20,99.9 ms,80.1 ms,67.4 ms,1.66 ms,34.3 ms
2024-08-09 03:16:21,162 ms,141 ms,131 ms,1.78 ms,41.4 ms
2024-08-09 03:16:22,158 ms,144 ms,140 ms,0.522 ms,68.8 ms
2024-08-09 03:16:23,109 ms,99.6 ms,89.3 ms,1.56 ms,42.9 ms
2024-08-09 03:16:24,79.9 ms,67.6 ms,65.0 ms,2.15 ms,36.3 ms
2024-08-09 03:16:25,119 ms,90.2 ms,85.8 ms,2.02 ms,38.8 ms
2024-08-09 03:16:26,57.3 ms,29.8 ms,27.4 ms,0.999 ms,11.2 ms
2024-08-09 03:16:27,86.2 ms,56.5 ms,53.6 ms,2.02 ms,24.7 ms
2024-08-09 03:16:28,178 ms,159 ms,130 ms,1.55 ms,54.7 ms
2024-08-09 03:16:29,128 ms,110 ms,102 ms,2.12 ms,55.4 ms
2024-08-09 03:16:30,114 ms,84.0 ms,79.2 ms,1.55 ms,35.6 ms
2024-08-09 03:16:31,33.1 ms,30.2 ms,25.2 ms,1.29 ms,13.5 ms
2024-08-09 03:16:32,68.7 ms,42.4 ms,36.9 ms,1.39 ms,17.4 ms
2024-08-09 03:16:33,35.5 ms,30.2 ms,27.0 ms,0.776 ms,9.98 ms
2024-08-09 03:16:34,62.8 ms,41.3 ms,33.2 ms,0.513 ms,10.7 ms
2024-08-09 03:16:35,168 ms,114 ms,76.0 ms,1.30 ms,27.9 ms
2024-08-09 03:16:36,72.6 ms,64.1 ms,53.9 ms,1.27 ms,21.4 ms
2024-08-09 03:16:37,22.8 ms,16.6 ms,11.5 ms,1.12 ms,6.63 ms
2024-08-09 03:16:38,43.8 ms,38.2 ms,27.7 ms,0.523 ms,13.0 ms
2024-08-09 03:16:39,36.0 ms,29.3 ms,26.4 ms,1.20 ms,13.9 ms
2024-08-09 03:16:40,246 ms,200 ms,168 ms,1.64 ms,62.2 ms
2024-08-09 03:16:41,66.4 ms,54.6 ms,42.2 ms,1.31 ms,20.8 ms
2024-08-09 03:16:42,102 ms,29.6 ms,26.3 ms,1.23 ms,13.8 ms
2024-08-09 03:16:43,110 ms,77.4 ms,56.9 ms,1.65 ms,25.6 ms
2024-08-09 03:16:44,26.9 ms,19.2 ms,17.7 ms,0.762 ms,8.40 ms
2024-08-09 03:16:45,40.4 ms,21.0 ms,18.8 ms,0.598 ms,10.9 ms
2024-08-09 03:16:46,36.1 ms,27.6 ms,25.0 ms,0.525 ms,12.3 ms
2024-08-09 03:16:47,66.4 ms,39.0 ms,34.0 ms,1.72 ms,17.4 ms
2024-08-09 03:16:48,90.4 ms,80.3 ms,78.2 ms,1.54 ms,33.6 ms
2024-08-09 03:16:49,102 ms,42.9 ms,35.0 ms,2.14 ms,22.5 ms
2024-08-09 03:16:50,426 ms,390 ms,379 ms,141 ms,296 ms
2024-08-09 03:16:51,324 ms,276 ms,245 ms,9.56 ms,117 ms
2024-08-09 03:16:52,206 ms,177 ms,169 ms,2.11 ms,54.1 ms
2024-08-09 03:16:53,122 ms,89.7 ms,79.1 ms,3.28 ms,40.1 ms
2024-08-09 03:16:54,191 ms,132 ms,127 ms,3.71 ms,55.9 ms
2024-08-09 03:16:55,211 ms,193 ms,187 ms,4.26 ms,86.5 ms
2024-08-09 03:16:56,287 ms,263 ms,254 ms,3.26 ms,134 ms
2024-08-09 03:16:57,26.6 ms,20.1 ms,18.3 ms,1.10 ms,8.62 ms
2024-08-09 03:16:58,22.0 ms,14.6 ms,12.8 ms,1.08 ms,6.21 ms
2024-08-09 03:16:59,28.8 ms,23.9 ms,22.3 ms,1.02 ms,12.4 ms
2024-08-09 03:17:00,81.3 ms,56.0 ms,49.2 ms,1.54 ms,22.8 ms
2024-08-09 03:17:01,55.9 ms,37.8 ms,34.1 ms,1.40 ms,15.5 ms
2024-08-09 03:17:02,163 ms,99.3 ms,69.4 ms,1.54 ms,28.9 ms
2024-08-09 03:17:03,378 ms,328 ms,287 ms,91.4 ms,227 ms
2024-08-09 03:17:04,292 ms,235 ms,134 ms,0.526 ms,61.8 ms
2024-08-09 03:17:05,170 ms,145 ms,112 ms,1.53 ms,42.8 ms
2024-08-09 03:17:06,67.7 ms,43.4 ms,38.6 ms,1.23 ms,15.2 ms
2024-08-09 03:17:07,136 ms,81.5 ms,67.0 ms,0.514 ms,23.8 ms
2024-08-09 03:17:08,261 ms,187 ms,177 ms,2.06 ms,54.1 ms
2024-08-09 03:17:09,196 ms,181 ms,156 ms,1.77 ms,77.6 ms
2024-08-09 03:17:10,160 ms,123 ms,101 ms,1.46 ms,39.2 ms
2024-08-09 03:17:11,89.6 ms,67.9 ms,55.0 ms,2.65 ms,28.3 ms
2024-08-09 03:17:12,101 ms,68.7 ms,49.8 ms,1.55 ms,29.1 ms
2024-08-09 03:17:13,101 ms,71.0 ms,68.4 ms,6.05 ms,45.9 ms
2024-08-09 03:17:14,171 ms,123 ms,105 ms,2.86 ms,41.4 ms
2024-08-09 03:17:15,291 ms,272 ms,259 ms,3.08 ms,186 ms
2024-08-09 03:17:16,65.2 ms,49.7 ms,44.9 ms,1.69 ms,26.4 ms
2024-08-09 03:17:17,68.1 ms,54.6 ms,47.8 ms,1.78 ms,23.8 ms
2024-08-09 03:17:18,210 ms,187 ms,168 ms,1.81 ms,102 ms
2024-08-09 03:17:19,228 ms,219 ms,209 ms,1.52 ms,126 ms
2024-08-09 03:17:20,303 ms,290 ms,271 ms,1.01 ms,119 ms
2024-08-09 03:17:21,196 ms,171 ms,149 ms,0.532 ms,59.5 ms
2024-08-09 03:17:22,80.6 ms,71.2 ms,65.2 ms,1.37 ms,34.7 ms
2024-08-09 03:17:23,70.6 ms,58.2 ms,41.5 ms,1.13 ms,19.5 ms
2024-08-09 03:17:24,106 ms,90.9 ms,75.1 ms,2.55 ms,23.9 ms
2024-08-09 03:17:25,63.6 ms,45.2 ms,40.0 ms,1.53 ms,18.8 ms
2024-08-09 03:17:26,258 ms,242 ms,219 ms,15.6 ms,129 ms
2024-08-09 03:17:27,284 ms,259 ms,225 ms,2.51 ms,76.6 ms
2024-08-09 03:17:28,136 ms,98.0 ms,77.8 ms,2.42 ms,33.5 ms
2024-08-09 03:17:29,132 ms,98.5 ms,80.6 ms,1.68 ms,30.6 ms
2024-08-09 03:17:30,282 ms,238 ms,213 ms,5.37 ms,134 ms
2024-08-09 03:17:31,70.2 ms,49.2 ms,41.8 ms,1.09 ms,17.2 ms
2024-08-09 03:17:32,84.7 ms,66.2 ms,54.3 ms,0.676 ms,22.4 ms
2024-08-09 03:17:33,268 ms,261 ms,245 ms,2.12 ms,119 ms
2024-08-09 03:17:34,297 ms,292 ms,287 ms,3.79 ms,169 ms
2024-08-09 03:17:35,177 ms,122 ms,101 ms,11.7 ms,71.7 ms
2024-08-09 03:17:36,219 ms,202 ms,198 ms,17.3 ms,122 ms
2024-08-09 03:17:37,146 ms,116 ms,97.6 ms,2.49 ms,32.6 ms
2024-08-09 03:17:38,148 ms,115 ms,102 ms,1.83 ms,57.4 ms
2024-08-09 03:17:39,74.1 ms,56.1 ms,47.1 ms,1.54 ms,17.6 ms
2024-08-09 03:17:40,152 ms,131 ms,120 ms,1.28 ms,54.3 ms
2024-08-09 03:17:41,305 ms,272 ms,268 ms,4.16 ms,162 ms
2024-08-09 03:17:42,182 ms,147 ms,121 ms,2.30 ms,74.2 ms
2024-08-09 03:17:43,119 ms,101 ms,97.0 ms,1.14 ms,40.1 ms
2024-08-09 03:17:44,64.6 ms,59.0 ms,54.3 ms,1.67 ms,15.8 ms
2024-08-09 03:17:45,43.5 ms,39.4 ms,37.6 ms,1.54 ms,19.3 ms
2024-08-09 03:17:46,135 ms,90.1 ms,61.3 ms,2.05 ms,32.0 ms
2024-08-09 03:17:47,317 ms,309 ms,305 ms,2.15 ms,179 ms
2024-08-09 03:17:48,36.1 ms,26.8 ms,18.3 ms,0.517 ms,8.97 ms
2024-08-09 03:17:49,48.1 ms,40.3 ms,37.4 ms,1.01 ms,14.1 ms
2024-08-09 03:17:50,83.1 ms,70.4 ms,57.0 ms,1.68 ms,27.0 ms
2024-08-09 03:17:51,68.9 ms,63.3 ms,46.7 ms,0.647 ms,21.0 ms
2024-08-09 03:17:52,109 ms,91.1 ms,67.7 ms,1.24 ms,23.4 ms
2024-08-09 03:17:53,72.1 ms,59.0 ms,55.4 ms,1.23 ms,23.2 ms
2024-08-09 03:17:54,174 ms,86.7 ms,53.0 ms,1.23 ms,25.6 ms
2024-08-09 03:17:55,177 ms,113 ms,102 ms,1.06 ms,39.0 ms
2024-08-09 03:17:56,77.0 ms,73.2 ms,69.6 ms,1.38 ms,31.7 ms
2024-08-09 03:17:57,316 ms,267 ms,255 ms,2.29 ms,117 ms
2024-08-09 03:17:58,253 ms,190 ms,181 ms,2.31 ms,96.9 ms
2024-08-09 03:17:59,216 ms,197 ms,185 ms,2.39 ms,135 ms
2024-08-09 03:18:00,78.2 ms,62.7 ms,58.0 ms,2.14 ms,29.9 ms
2024-08-09 03:18:01,309 ms,266 ms,239 ms,4.31 ms,94.3 ms
2024-08-09 03:18:02,435 ms,393 ms,378 ms,89.2 ms,252 ms
2024-08-09 03:18:03,266 ms,244 ms,216 ms,5.07 ms,104 ms
2024-08-09 03:18:04,175 ms,167 ms,161 ms,3.72 ms,78.0 ms
2024-08-09 03:18:05,438 ms,430 ms,412 ms,46.4 ms,293 ms
2024-08-09 03:18:06,294 ms,233 ms,157 ms,1.54 ms,50.9 ms
2024-08-09 03:18:07,180 ms,116 ms,75.9 ms,1.27 ms,33.8 ms
2024-08-09 03:18:08,595 ms,417 ms,410 ms,176 ms,335 ms
2024-08-09 03:18:09,309 ms,145 ms,134 ms,6.52 ms,80.1 ms
2024-08-09 03:18:10,158 ms,113 ms,93.7 ms,1.04 ms,40.9 ms
2024-08-09 03:18:11,300 ms,253 ms,219 ms,2.37 ms,101 ms
2024-08-09 03:18:12,363 ms,324 ms,280 ms,2.76 ms,193 ms
2024-08-09 03:18:13,421 ms,368 ms,348 ms,9.74 ms,149 ms
2024-08-09 03:18:14,469 ms,435 ms,393 ms,3.10 ms,202 ms
2024-08-09 03:18:15,314 ms,292 ms,285 ms,3.29 ms,189 ms
2024-08-09 03:18:16,325 ms,307 ms,301 ms,70.1 ms,214 ms
2024-08-09 03:18:17,469 ms,433 ms,410 ms,134 ms,289 ms
2024-08-09 03:18:18,160 ms,139 ms,126 ms,5.57 ms,57.4 ms
2024-08-09 03:18:19,81.2 ms,57.5 ms,53.8 ms,2.74 ms,29.9 ms
2024-08-09 03:18:20,184 ms,118 ms,107 ms,2.11 ms,64.4 ms
2024-08-09 03:18:21,165 ms,155 ms,150 ms,1.66 ms,99.0 ms
2024-08-09 03:18:22,128 ms,87.7 ms,73.1 ms,1.73 ms,31.1 ms
2024-08-09 03:18:23,168 ms,150 ms,145 ms,2.10 ms,88.5 ms
2024-08-09 03:18:24,303 ms,272 ms,262 ms,1.75 ms,78.0 ms
2024-08-09 03:18:25,287 ms,194 ms,181 ms,1.73 ms,53.3 ms
2024-08-09 03:18:26,113 ms,62.9 ms,56.4 ms,1.76 ms,32.9 ms
2024-08-09 03:18:27,211 ms,195 ms,187 ms,1.37 ms,115 ms
2024-08-09 03:18:28,306 ms,246 ms,241 ms,2.38 ms,139 ms
2024-08-09 03:18:29,289 ms,246 ms,237 ms,3.35 ms,132 ms
2024-08-09 03:18:30,510 ms,483 ms,466 ms,150 ms,327 ms
2024-08-09 03:18:31,268 ms,243 ms,206 ms,1.83 ms,61.4 ms
2024-08-09 03:18:32,123 ms,115 ms,108 ms,1.54 ms,42.5 ms
2024-08-09 03:18:33,312 ms,284 ms,274 ms,62.6 ms,180 ms
2024-08-09 03:18:34,189 ms,172 ms,149 ms,19.1 ms,89.8 ms
2024-08-09 03:18:35,309 ms,264 ms,213 ms,1.59 ms,98.7 ms
2024-08-09 03:18:36,610 ms,602 ms,592 ms,292 ms,455 ms
2024-08-09 03:18:37,432 ms,414 ms,403 ms,161 ms,279 ms
2024-08-09 03:18:38,256 ms,231 ms,225 ms,4.29 ms,121 ms
2024-08-09 03:18:39,573 ms,547 ms,531 ms,26.9 ms,317 ms
2024-08-09 03:18:40,834 ms,757 ms,753 ms,401 ms,623 ms
2024-08-09 03:18:41,768 ms,615 ms,575 ms,95.3 ms,397 ms
2024-08-09 03:18:42,253 ms,235 ms,217 ms,4.55 ms,135 ms
2024-08-09 03:18:43,208 ms,184 ms,178 ms,5.60 ms,126 ms
2024-08-09 03:18:44,704 ms,679 ms,670 ms,222 ms,529 ms
2024-08-09 03:18:45,960 ms,886 ms,866 ms,296 ms,572 ms
2024-08-09 03:18:46,373 ms,353 ms,330 ms,108 ms,251 ms
2024-08-09 03:18:47,548 ms,526 ms,514 ms,109 ms,378 ms
2024-08-09 03:18:48,174 ms,131 ms,128 ms,1.57 ms,54.8 ms
2024-08-09 03:18:49,134 ms,127 ms,124 ms,17.6 ms,95.6 ms
2024-08-09 03:18:50,547 ms,510 ms,508 ms,86.7 ms,301 ms
2024-08-09 03:18:51,482 ms,458 ms,393 ms,142 ms,279 ms
2024-08-09 03:18:52,186 ms,150 ms,143 ms,1.46 ms,87.0 ms
2024-08-09 03:18:53,155 ms,127 ms,105 ms,1.27 ms,44.2 ms
2024-08-09 03:18:54,394 ms,364 ms,319 ms,122 ms,204 ms
2024-08-09 03:18:55,415 ms,397 ms,393 ms,258 ms,344 ms
2024-08-09 03:18:56,343 ms,330 ms,286 ms,1.77 ms,78.8 ms
2024-08-09 03:18:57,133 ms,118 ms,113 ms,1.60 ms,65.3 ms
2024-08-09 03:18:58,75.9 ms,54.0 ms,35.1 ms,0.928 ms,14.5 ms
2024-08-09 03:18:59,191 ms,159 ms,139 ms,1.26 ms,66.3 ms
2024-08-09 03:19:00,307 ms,270 ms,263 ms,1.78 ms,136 ms
2024-08-09 03:19:01,89.6 ms,81.2 ms,74.9 ms,1.33 ms,34.4 ms
2024-08-09 03:19:02,330 ms,307 ms,249 ms,4.00 ms,81.8 ms
2024-08-09 03:19:03,696 ms,661 ms,639 ms,327 ms,499 ms
2024-08-09 03:19:04,753 ms,716 ms,683 ms,446 ms,598 ms
2024-08-09 03:19:05,790 ms,780 ms,771 ms,476 ms,671 ms
2024-08-09 03:19:06,932 ms,902 ms,884 ms,659 ms,765 ms
2024-08-09 03:19:07,795 ms,752 ms,715 ms,444 ms,563 ms
2024-08-09 03:19:08,761 ms,698 ms,675 ms,427 ms,536 ms
2024-08-09 03:19:09,593 ms,499 ms,445 ms,116 ms,265 ms
2024-08-09 03:19:10,223 ms,188 ms,179 ms,80.8 ms,142 ms
2024-08-09 03:19:11,225 ms,215 ms,197 ms,71.3 ms,141 ms
2024-08-09 03:19:12,210 ms,194 ms,181 ms,2.26 ms,104 ms
2024-08-09 03:19:13,198 ms,163 ms,157 ms,47.7 ms,110 ms
2024-08-09 03:19:14,210 ms,172 ms,166 ms,19.7 ms,107 ms
2024-08-09 03:19:15,344 ms,315 ms,300 ms,6.05 ms,160 ms
2024-08-09 03:19:16,584 ms,549 ms,503 ms,163 ms,383 ms
2024-08-09 03:19:17,317 ms,286 ms,247 ms,23.0 ms,143 ms
2024-08-09 03:19:18,89.8 ms,81.7 ms,67.1 ms,1.45 ms,24.6 ms
2024-08-09 03:19:19,238 ms,217 ms,198 ms,1.08 ms,57.4 ms
2024-08-09 03:19:20,644 ms,616 ms,538 ms,301 ms,414 ms
2024-08-09 03:19:21,537 ms,515 ms,501 ms,1.53 ms,233 ms
2024-08-09 03:19:22,305 ms,243 ms,234 ms,1.56 ms,85.8 ms
2024-08-09 03:19:23,249 ms,195 ms,179 ms,27.2 ms,113 ms
2024-08-09 03:19:24,104 ms,93.0 ms,87.8 ms,1.66 ms,38.4 ms
2024-08-09 03:19:25,301 ms,232 ms,164 ms,1.41 ms,51.3 ms
2024-08-09 03:19:26,444 ms,429 ms,425 ms,82.4 ms,339 ms
2024-08-09 03:19:27,88.6 ms,28.9 ms,20.2 ms,1.19 ms,10.9 ms
2024-08-09 03:19:28,71.2 ms,29.8 ms,23.7 ms,1.05 ms,10.8 ms
2024-08-09 03:19:29,285 ms,196 ms,187 ms,1.86 ms,88.0 ms
2024-08-09 03:19:30,297 ms,279 ms,272 ms,1.82 ms,141 ms
2024-08-09 03:19:31,156 ms,106 ms,38.6 ms,1.20 ms,21.6 ms
2024-08-09 03:19:32,236 ms,208 ms,199 ms,1.88 ms,106 ms
2024-08-09 03:19:33,152 ms,139 ms,137 ms,1.02 ms,79.6 ms
2024-08-09 03:19:34,285 ms,248 ms,226 ms,1.23 ms,66.7 ms
2024-08-09 03:19:35,366 ms,361 ms,354 ms,13.3 ms,160 ms
2024-08-09 03:19:36,329 ms,280 ms,220 ms,0.855 ms,53.9 ms
2024-08-09 03:19:37,532 ms,415 ms,406 ms,171 ms,262 ms
2024-08-09 03:19:38,267 ms,181 ms,143 ms,2.52 ms,76.1 ms
2024-08-09 03:19:39,36.4 ms,30.1 ms,22.4 ms,1.06 ms,12.1 ms
2024-08-09 03:19:40,359 ms,336 ms,126 ms,1.52 ms,55.1 ms
2024-08-09 03:19:41,565 ms,542 ms,539 ms,357 ms,447 ms
2024-08-09 03:19:42,424 ms,350 ms,251 ms,1.09 ms,54.6 ms
2024-08-09 03:19:43,173 ms,165 ms,140 ms,8.18 ms,97.6 ms
2024-08-09 03:19:44,402 ms,375 ms,371 ms,99.1 ms,254 ms
2024-08-09 03:19:45,392 ms,377 ms,364 ms,1.18 ms,133 ms
2024-08-09 03:19:46,514 ms,442 ms,439 ms,73.7 ms,343 ms
2024-08-09 03:19:47,452 ms,409 ms,395 ms,2.07 ms,181 ms
2024-08-09 03:19:48,172 ms,168 ms,155 ms,3.02 ms,70.0 ms
2024-08-09 03:19:49,328 ms,281 ms,264 ms,66.0 ms,189 ms
2024-08-09 03:19:50,604 ms,582 ms,577 ms,49.0 ms,396 ms
2024-08-09 03:19:51,85.1 ms,69.2 ms,65.0 ms,2.71 ms,37.3 ms
2024-08-09 03:19:52,249 ms,234 ms,228 ms,2.77 ms,131 ms
2024-08-09 03:19:53,563 ms,521 ms,504 ms,1.68 ms,260 ms
2024-08-09 03:19:54,73.7 ms,66.8 ms,39.9 ms,1.92 ms,21.0 ms
2024-08-09 03:19:55,201 ms,133 ms,73.3 ms,0.728 ms,33.3 ms
2024-08-09 03:19:56,788 ms,749 ms,734 ms,274 ms,607 ms
2024-08-09 03:19:57,697 ms,669 ms,644 ms,265 ms,458 ms
2024-08-09 03:19:58,275 ms,262 ms,248 ms,5.08 ms,171 ms
2024-08-09 03:19:59,684 ms,582 ms,397 ms,177 ms,313 ms
2024-08-09 03:20:00,766 ms,754 ms,742 ms,490 ms,615 ms
2024-08-09 03:20:01,650 ms,639 ms,624 ms,118 ms,317 ms
2024-08-09 03:20:02,572 ms,558 ms,525 ms,333 ms,451 ms
2024-08-09 03:20:03,800 ms,775 ms,753 ms,506 ms,652 ms
2024-08-09 03:20:04,691 ms,663 ms,622 ms,1.53 ms,290 ms
2024-08-09 03:20:05,233 ms,220 ms,212 ms,1.55 ms,96.4 ms
2024-08-09 03:20:06,255 ms,243 ms,213 ms,12.9 ms,126 ms
2024-08-09 03:20:07,654 ms,519 ms,360 ms,59.0 ms,207 ms
2024-08-09 03:20:08,913 ms,883 ms,875 ms,715 ms,792 ms
2024-08-09 03:20:09,994 ms,986 ms,962 ms,290 ms,689 ms
2024-08-09 03:20:10,679 ms,663 ms,655 ms,386 ms,517 ms
2024-08-09 03:20:11,721 ms,695 ms,680 ms,356 ms,500 ms
2024-08-09 03:20:12,686 ms,676 ms,670 ms,406 ms,599 ms
2024-08-09 03:20:13,771 ms,738 ms,723 ms,262 ms,550 ms
2024-08-09 03:20:14,441 ms,421 ms,406 ms,225 ms,326 ms
2024-08-09 03:20:15,466 ms,419 ms,410 ms,275 ms,366 ms
2024-08-09 03:20:16,904 ms,866 ms,847 ms,419 ms,679 ms
2024-08-09 03:20:17,664 ms,618 ms,605 ms,154 ms,426 ms
2024-08-09 03:20:18,556 ms,535 ms,515 ms,205 ms,369 ms
2024-08-09 03:20:19,537 ms,524 ms,503 ms,282 ms,382 ms
2024-08-09 03:20:20,920 ms,893 ms,794 ms,459 ms,594 ms
2024-08-09 03:20:21,1.06 s,1.05 s,1.03 s,884 ms,977 ms
2024-08-09 03:20:22,1.02 s,981 ms,963 ms,529 ms,755 ms
2024-08-09 03:20:23,710 ms,698 ms,689 ms,359 ms,527 ms
2024-08-09 03:20:24,402 ms,326 ms,301 ms,184 ms,249 ms
2024-08-09 03:20:25,372 ms,351 ms,344 ms,205 ms,294 ms
2024-08-09 03:20:26,403 ms,377 ms,356 ms,98.4 ms,253 ms
2024-08-09 03:20:27,436 ms,428 ms,420 ms,10.2 ms,233 ms
2024-08-09 03:20:28,257 ms,234 ms,216 ms,78.2 ms,146 ms
2024-08-09 03:20:29,473 ms,426 ms,405 ms,239 ms,306 ms
2024-08-09 03:20:30,558 ms,529 ms,521 ms,301 ms,395 ms
2024-08-09 03:20:31,576 ms,559 ms,527 ms,188 ms,318 ms
2024-08-09 03:20:32,286 ms,262 ms,240 ms,90.9 ms,183 ms
2024-08-09 03:20:33,512 ms,501 ms,496 ms,322 ms,447 ms
2024-08-09 03:20:34,479 ms,422 ms,401 ms,2.53 ms,202 ms
2024-08-09 03:20:35,302 ms,202 ms,170 ms,3.00 ms,79.2 ms
2024-08-09 03:20:36,876 ms,854 ms,848 ms,352 ms,688 ms
2024-08-09 03:20:37,745 ms,733 ms,726 ms,120 ms,440 ms
2024-08-09 03:20:38,367 ms,346 ms,298 ms,91.7 ms,168 ms
2024-08-09 03:20:39,518 ms,505 ms,462 ms,69.3 ms,216 ms
2024-08-09 03:20:40,689 ms,675 ms,671 ms,326 ms,525 ms
2024-08-09 03:20:41,756 ms,727 ms,676 ms,302 ms,502 ms
2024-08-09 03:20:42,383 ms,363 ms,355 ms,84.8 ms,214 ms
2024-08-09 03:20:43,464 ms,380 ms,371 ms,149 ms,273 ms
2024-08-09 03:20:44,681 ms,649 ms,638 ms,326 ms,491 ms
2024-08-09 03:20:45,384 ms,275 ms,231 ms,3.03 ms,154 ms
2024-08-09 03:20:46,295 ms,260 ms,249 ms,15.0 ms,148 ms
2024-08-09 03:20:47,605 ms,494 ms,490 ms,162 ms,427 ms
2024-08-09 03:20:48,545 ms,521 ms,509 ms,159 ms,342 ms
2024-08-09 03:20:49,457 ms,437 ms,427 ms,193 ms,346 ms
2024-08-09 03:20:50,808 ms,774 ms,768 ms,299 ms,539 ms
2024-08-09 03:20:51,998 ms,952 ms,926 ms,631 ms,763 ms
2024-08-09 03:20:52,903 ms,877 ms,853 ms,355 ms,552 ms
2024-08-09 03:20:53,424 ms,366 ms,164 ms,12.9 ms,105 ms
2024-08-09 03:20:54,608 ms,567 ms,529 ms,120 ms,342 ms
2024-08-09 03:20:55,639 ms,616 ms,605 ms,185 ms,350 ms
2024-08-09 03:20:56,270 ms,234 ms,224 ms,1.60 ms,148 ms
2024-08-09 03:20:57,345 ms,243 ms,215 ms,1.17 ms,63.0 ms
2024-08-09 03:20:58,502 ms,481 ms,477 ms,301 ms,406 ms
2024-08-09 03:20:59,424 ms,392 ms,382 ms,71.0 ms,212 ms
2024-08-09 03:21:00,407 ms,381 ms,372 ms,80.7 ms,307 ms
2024-08-09 03:21:01,260 ms,202 ms,196 ms,17.0 ms,97.4 ms
2024-08-09 03:21:02,304 ms,289 ms,282 ms,39.8 ms,213 ms
2024-08-09 03:21:03,295 ms,247 ms,230 ms,1.73 ms,127 ms
2024-08-09 03:21:04,401 ms,339 ms,264 ms,17.3 ms,189 ms
2024-08-09 03:21:05,671 ms,662 ms,659 ms,427 ms,560 ms
2024-08-09 03:21:06,670 ms,659 ms,648 ms,46.7 ms,294 ms
2024-08-09 03:21:07,718 ms,686 ms,539 ms,263 ms,484 ms
2024-08-09 03:21:08,1.07 s,1.06 s,1.05 s,579 ms,878 ms
2024-08-09 03:21:09,855 ms,812 ms,802 ms,314 ms,558 ms
2024-08-09 03:21:10,760 ms,720 ms,713 ms,416 ms,607 ms
2024-08-09 03:21:11,1.07 s,1.04 s,1.03 s,633 ms,934 ms
2024-08-09 03:21:12,1.07 s,952 ms,942 ms,679 ms,806 ms
2024-08-09 03:21:13,1.08 s,1.05 s,1.02 s,611 ms,830 ms
2024-08-09 03:21:14,1.19 s,1.17 s,1.13 s,917 ms,1.04 s
2024-08-09 03:21:15,1.19 s,1.11 s,1.09 s,927 ms,1.03 s
2024-08-09 03:21:16,1.24 s,1.21 s,1.19 s,959 ms,1.14 s
2024-08-09 03:21:17,1.45 s,1.40 s,1.36 s,1.02 s,1.20 s
2024-08-09 03:21:18,1.54 s,1.51 s,1.50 s,1.30 s,1.41 s
2024-08-09 03:21:19,1.63 s,1.58 s,1.56 s,1.41 s,1.50 s
2024-08-09 03:21:20,1.82 s,1.78 s,1.75 s,1.35 s,1.55 s
2024-08-09 03:21:21,1.84 s,1.77 s,1.76 s,1.47 s,1.66 s
2024-08-09 03:21:22,1.79 s,1.77 s,1.76 s,1.41 s,1.66 s
2024-08-09 03:21:23,1.74 s,1.71 s,1.70 s,1.33 s,1.50 s
2024-08-09 03:21:24,1.61 s,1.60 s,1.58 s,1.22 s,1.40 s
2024-08-09 03:21:25,1.60 s,1.58 s,1.58 s,1.25 s,1.45 s
2024-08-09 03:21:26,1.57 s,1.50 s,1.48 s,1.20 s,1.37 s
2024-08-09 03:21:27,1.63 s,1.59 s,1.57 s,1.06 s,1.38 s
2024-08-09 03:21:28,1.53 s,1.35 s,1.34 s,1.03 s,1.19 s
2024-08-09 03:21:29,1.39 s,1.38 s,1.35 s,1.02 s,1.25 s
2024-08-09 03:21:30,1.49 s,1.46 s,1.45 s,1.13 s,1.29 s
2024-08-09 03:21:31,1.27 s,1.25 s,1.23 s,1.00 s,1.15 s
2024-08-09 03:21:32,1.47 s,1.44 s,1.41 s,1.16 s,1.30 s
2024-08-09 03:21:33,1.78 s,1.69 s,1.68 s,1.24 s,1.39 s
2024-08-09 03:21:34,1.49 s,1.44 s,1.36 s,1.05 s,1.17 s
2024-08-09 03:21:35,1.50 s,1.08 s,1.07 s,659 ms,942 ms
2024-08-09 03:21:36,1.26 s,1.24 s,1.21 s,976 ms,1.14 s
2024-08-09 03:21:37,1.05 s,1.00 s,996 ms,376 ms,709 ms
2024-08-09 03:21:38,542 ms,502 ms,400 ms,304 ms,368 ms
2024-08-09 03:21:39,834 ms,687 ms,656 ms,450 ms,592 ms
2024-08-09 03:21:40,1.27 s,1.26 s,1.26 s,708 ms,1.00 s
2024-08-09 03:21:41,1.28 s,1.27 s,1.26 s,41.7 ms,761 ms
2024-08-09 03:21:42,439 ms,425 ms,419 ms,18.7 ms,185 ms
2024-08-09 03:21:43,731 ms,707 ms,701 ms,412 ms,561 ms
2024-08-09 03:21:44,681 ms,632 ms,607 ms,276 ms,469 ms
2024-08-09 03:21:45,487 ms,407 ms,370 ms,123 ms,278 ms
2024-08-09 03:21:46,599 ms,571 ms,544 ms,153 ms,295 ms
2024-08-09 03:21:47,729 ms,722 ms,716 ms,613 ms,675 ms
2024-08-09 03:21:48,732 ms,715 ms,697 ms,264 ms,493 ms
2024-08-09 03:21:49,326 ms,297 ms,276 ms,101 ms,203 ms
2024-08-09 03:21:50,873 ms,862 ms,752 ms,225 ms,585 ms
2024-08-09 03:21:51,1.32 s,1.04 s,1.02 s,781 ms,960 ms
2024-08-09 03:21:52,791 ms,647 ms,551 ms,208 ms,427 ms
2024-08-09 03:21:53,579 ms,560 ms,552 ms,204 ms,310 ms
2024-08-09 03:21:54,777 ms,772 ms,743 ms,404 ms,553 ms
2024-08-09 03:21:55,796 ms,784 ms,774 ms,391 ms,574 ms
2024-08-09 03:21:56,734 ms,709 ms,638 ms,328 ms,456 ms
2024-08-09 03:21:57,778 ms,764 ms,757 ms,509 ms,638 ms
2024-08-09 03:21:58,581 ms,556 ms,545 ms,330 ms,465 ms
2024-08-09 03:21:59,579 ms,543 ms,539 ms,343 ms,467 ms
2024-08-09 03:22:00,661 ms,635 ms,597 ms,354 ms,483 ms
2024-08-09 03:22:01,688 ms,673 ms,663 ms,342 ms,491 ms
2024-08-09 03:22:02,462 ms,446 ms,438 ms,276 ms,360 ms
2024-08-09 03:22:03,834 ms,729 ms,688 ms,449 ms,594 ms
2024-08-09 03:22:04,1.18 s,1.00 s,968 ms,845 ms,941 ms
2024-08-09 03:22:05,1.58 s,1.56 s,1.53 s,1.14 s,1.44 s
2024-08-09 03:22:06,1.32 s,1.31 s,1.31 s,972 ms,1.24 s
2024-08-09 03:22:07,989 ms,806 ms,776 ms,338 ms,598 ms
2024-08-09 03:22:08,967 ms,947 ms,944 ms,590 ms,858 ms
2024-08-09 03:22:09,1.30 s,1.26 s,1.25 s,782 ms,988 ms
2024-08-09 03:22:10,1.19 s,1.14 s,1.12 s,890 ms,1.06 s
2024-08-09 03:22:11,1.09 s,1.09 s,1.08 s,467 ms,831 ms
2024-08-09 03:22:12,686 ms,671 ms,657 ms,298 ms,470 ms
2024-08-09 03:22:13,824 ms,817 ms,798 ms,362 ms,549 ms
2024-08-09 03:22:14,969 ms,939 ms,935 ms,802 ms,888 ms
2024-08-09 03:22:15,984 ms,966 ms,960 ms,453 ms,683 ms
2024-08-09 03:22:16,608 ms,598 ms,595 ms,414 ms,504 ms
2024-08-09 03:22:17,1.02 s,1000 ms,986 ms,602 ms,816 ms
2024-08-09 03:22:18,846 ms,829 ms,823 ms,685 ms,788 ms