"Time","Requests per Second"
2024-08-09 03:11:18,1
2024-08-09 03:11:20,2
2024-08-09 03:11:22,2
2024-08-09 03:11:24,2
2024-08-09 03:11:26,2
2024-08-09 03:11:28,2
2024-08-09 03:11:30,1
2024-08-09 03:11:32,2
2024-08-09 03:11:34,2
2024-08-09 03:11:36,2
2024-08-09 03:11:38,2
2024-08-09 03:11:40,2
2024-08-09 03:11:42,2
2024-08-09 03:11:44,2
2024-08-09 03:11:46,2
2024-08-09 03:11:48,2
2024-08-09 03:11:50,2
2024-08-09 03:11:52,2
2024-08-09 03:11:54,2
2024-08-09 03:11:56,2
2024-08-09 03:11:58,2
2024-08-09 03:12:00,2
2024-08-09 03:12:02,2
2024-08-09 03:12:04,2
2024-08-09 03:12:06,2
2024-08-09 03:12:08,2
2024-08-09 03:12:10,2
2024-08-09 03:12:12,2
2024-08-09 03:12:14,2
2024-08-09 03:12:16,2
2024-08-09 03:12:18,4
2024-08-09 03:12:20,10
2024-08-09 03:12:22,17
2024-08-09 03:12:24,24
2024-08-09 03:12:26,27
2024-08-09 03:12:28,33
2024-08-09 03:12:30,38
2024-08-09 03:12:32,42
2024-08-09 03:12:34,49
2024-08-09 03:12:36,53
2024-08-09 03:12:38,56
2024-08-09 03:12:40,69
2024-08-09 03:12:42,59
2024-08-09 03:12:44,75
2024-08-09 03:12:46,79
2024-08-09 03:12:48,82
2024-08-09 03:12:50,96
2024-08-09 03:12:52,98
2024-08-09 03:12:54,66
2024-08-09 03:12:56,67
2024-08-09 03:12:58,72
2024-08-09 03:13:00,78
2024-08-09 03:13:02,90
2024-08-09 03:13:04,95
2024-08-09 03:13:06,100
2024-08-09 03:13:08,119
2024-08-09 03:13:10,120
2024-08-09 03:13:12,145
2024-08-09 03:13:14,147
2024-08-09 03:13:16,177
2024-08-09 03:13:18,138
2024-08-09 03:13:20,128
2024-08-09 03:13:22,120
2024-08-09 03:13:24,123
2024-08-09 03:13:26,133
2024-08-09 03:13:28,137
2024-08-09 03:13:30,140
2024-08-09 03:13:32,133
2024-08-09 03:13:34,134
2024-08-09 03:13:36,145
2024-08-09 03:13:38,146
2024-08-09 03:13:40,171
2024-08-09 03:13:42,232
2024-08-09 03:13:44,245
2024-08-09 03:13:46,248
2024-08-09 03:13:48,219
2024-08-09 03:13:50,166
2024-08-09 03:13:52,186
2024-08-09 03:13:54,172
2024-08-09 03:13:56,181
2024-08-09 03:13:58,193
2024-08-09 03:14:00,189
2024-08-09 03:14:02,187
2024-08-09 03:14:04,278
2024-08-09 03:14:06,273
2024-08-09 03:14:08,302
2024-08-09 03:14:10,275
2024-08-09 03:14:12,244
2024-08-09 03:14:14,268
2024-08-09 03:14:16,247
2024-08-09 03:14:18,336
2024-08-09 03:14:20,340
2024-08-09 03:14:22,320
2024-08-09 03:14:24,253
2024-08-09 03:14:26,242
2024-08-09 03:14:28,297
2024-08-09 03:14:30,390
2024-08-09 03:14:32,275
2024-08-09 03:14:34,354
2024-08-09 03:14:36,383
2024-08-09 03:14:38,388
2024-08-09 03:14:40,227
2024-08-09 03:14:42,256
2024-08-09 03:14:44,366
2024-08-09 03:14:46,397
2024-08-09 03:14:48,265
2024-08-09 03:14:50,378
2024-08-09 03:14:52,276
2024-08-09 03:14:54,254
2024-08-09 03:14:56,340
2024-08-09 03:14:58,393
2024-08-09 03:15:00,286
2024-08-09 03:15:02,275
2024-08-09 03:15:04,281
2024-08-09 03:15:06,312
2024-08-09 03:15:08,305
2024-08-09 03:15:10,311
2024-08-09 03:15:12,421
2024-08-09 03:15:14,424
2024-08-09 03:15:16,370
2024-08-09 03:15:18,319
2024-08-09 03:15:20,337
2024-08-09 03:15:22,356
2024-08-09 03:15:24,366
2024-08-09 03:15:26,367
2024-08-09 03:15:28,356
2024-08-09 03:15:30,415
2024-08-09 03:15:32,415
2024-08-09 03:15:34,546
2024-08-09 03:15:36,523
2024-08-09 03:15:38,573
2024-08-09 03:15:40,398
2024-08-09 03:15:42,371
2024-08-09 03:15:44,369
2024-08-09 03:15:46,374
2024-08-09 03:15:48,454
2024-08-09 03:15:50,429
2024-08-09 03:15:52,392
2024-08-09 03:15:54,383
2024-08-09 03:15:56,401
2024-08-09 03:15:58,376
2024-08-09 03:16:00,368
2024-08-09 03:16:02,387
2024-08-09 03:16:04,391
2024-08-09 03:16:06,572
2024-08-09 03:16:08,443
2024-08-09 03:16:10,431
2024-08-09 03:16:12,408
2024-08-09 03:16:14,513
2024-08-09 03:16:16,451
2024-08-09 03:16:18,458
2024-08-09 03:16:20,507
2024-08-09 03:16:22,475
2024-08-09 03:16:24,531
2024-08-09 03:16:26,442
2024-08-09 03:16:28,385
2024-08-09 03:16:30,539
2024-08-09 03:16:32,511
2024-08-09 03:16:34,451
2024-08-09 03:16:36,505
2024-08-09 03:16:38,538
2024-08-09 03:16:40,522
2024-08-09 03:16:42,609
2024-08-09 03:16:44,575
2024-08-09 03:16:46,563
2024-08-09 03:16:48,565
2024-08-09 03:16:50,360
2024-08-09 03:16:52,455
2024-08-09 03:16:54,365
2024-08-09 03:16:56,628
2024-08-09 03:16:58,612
2024-08-09 03:17:00,541
2024-08-09 03:17:02,426
2024-08-09 03:17:04,576
2024-08-09 03:17:06,573
2024-08-09 03:17:08,466
2024-08-09 03:17:10,505
2024-08-09 03:17:12,487
2024-08-09 03:17:14,406
2024-08-09 03:17:16,505
2024-08-09 03:17:18,458
2024-08-09 03:17:20,564
2024-08-09 03:17:22,539
2024-08-09 03:17:24,584
2024-08-09 03:17:26,526
2024-08-09 03:17:28,583
2024-08-09 03:17:30,577
2024-08-09 03:17:32,433
2024-08-09 03:17:34,576
2024-08-09 03:17:36,581
2024-08-09 03:17:38,586
2024-08-09 03:17:40,557
2024-08-09 03:17:42,542
2024-08-09 03:17:44,571
2024-08-09 03:17:46,512
2024-08-09 03:17:48,651
2024-08-09 03:17:50,597
2024-08-09 03:17:52,677
2024-08-09 03:17:54,621
2024-08-09 03:17:56,612
2024-08-09 03:17:58,485
2024-08-09 03:18:00,489
2024-08-09 03:18:02,443
2024-08-09 03:18:04,489
2024-08-09 03:18:06,517
2024-08-09 03:18:08,592
2024-08-09 03:18:10,501
2024-08-09 03:18:12,486
2024-08-09 03:18:14,479
2024-08-09 03:18:16,495
2024-08-09 03:18:18,543
2024-08-09 03:18:20,531
2024-08-09 03:18:22,576
2024-08-09 03:18:24,548
2024-08-09 03:18:26,609
2024-08-09 03:18:28,518
2024-08-09 03:18:30,605
2024-08-09 03:18:32,538
2024-08-09 03:18:34,523
2024-08-09 03:18:36,522
2024-08-09 03:18:38,488
2024-08-09 03:18:40,503
2024-08-09 03:18:42,498
2024-08-09 03:18:44,454
2024-08-09 03:18:46,493
2024-08-09 03:18:48,563
2024-08-09 03:18:50,527
2024-08-09 03:18:52,633
2024-08-09 03:18:54,541
2024-08-09 03:18:56,731
2024-08-09 03:18:58,618
2024-08-09 03:19:00,677
2024-08-09 03:19:02,423
2024-08-09 03:19:04,403
2024-08-09 03:19:06,417
2024-08-09 03:19:08,513
2024-08-09 03:19:10,586
2024-08-09 03:19:12,652
2024-08-09 03:19:14,587
2024-08-09 03:19:16,628
2024-08-09 03:19:18,607
2024-08-09 03:19:20,545
2024-08-09 03:19:22,723
2024-08-09 03:19:24,702
2024-08-09 03:19:26,766
2024-08-09 03:19:28,700
2024-08-09 03:19:30,659
2024-08-09 03:19:32,730
2024-08-09 03:19:34,665
2024-08-09 03:19:36,641
2024-08-09 03:19:38,746
2024-08-09 03:19:40,591
2024-08-09 03:19:42,768
2024-08-09 03:19:44,651
2024-08-09 03:19:46,634
2024-08-09 03:19:48,550
2024-08-09 03:19:50,720
2024-08-09 03:19:52,650
2024-08-09 03:19:54,645
2024-08-09 03:19:56,531
2024-08-09 03:19:58,551
2024-08-09 03:20:00,667
2024-08-09 03:20:02,456
2024-08-09 03:20:04,757
2024-08-09 03:20:06,558
2024-08-09 03:20:08,489
2024-08-09 03:20:10,542
2024-08-09 03:20:12,480
2024-08-09 03:20:14,511
2024-08-09 03:20:16,520
2024-08-09 03:20:18,536
2024-08-09 03:20:20,407
2024-08-09 03:20:22,527
2024-08-09 03:20:24,618
2024-08-09 03:20:26,624
2024-08-09 03:20:28,601
2024-08-09 03:20:30,686
2024-08-09 03:20:32,594
2024-08-09 03:20:34,650
2024-08-09 03:20:36,515
2024-08-09 03:20:38,559
2024-08-09 03:20:40,618
2024-08-09 03:20:42,654
2024-08-09 03:20:44,610
2024-08-09 03:20:46,615
2024-08-09 03:20:48,622
2024-08-09 03:20:50,434
2024-08-09 03:20:52,781
2024-08-09 03:20:54,645
2024-08-09 03:20:56,706
2024-08-09 03:20:58,728
2024-08-09 03:21:00,767
2024-08-09 03:21:02,707
2024-08-09 03:21:04,672
2024-08-09 03:21:06,582
2024-08-09 03:21:08,536
2024-08-09 03:21:10,414
2024-08-09 03:21:12,413
2024-08-09 03:21:14,388
2024-08-09 03:21:16,351
2024-08-09 03:21:18,348
2024-08-09 03:21:20,290
2024-08-09 03:21:22,351
2024-08-09 03:21:24,314
2024-08-09 03:21:26,426
2024-08-09 03:21:28,389
2024-08-09 03:21:30,379
2024-08-09 03:21:32,358
2024-08-09 03:21:34,439
2024-08-09 03:21:36,550
2024-08-09 03:21:38,536
2024-08-09 03:21:40,682
2024-08-09 03:21:42,512
2024-08-09 03:21:44,673
2024-08-09 03:21:46,536
2024-08-09 03:21:48,680
2024-08-09 03:21:50,501
2024-08-09 03:21:52,630
2024-08-09 03:21:54,589
2024-08-09 03:21:56,607
2024-08-09 03:21:58,607
2024-08-09 03:22:00,639
2024-08-09 03:22:02,544
2024-08-09 03:22:04,418
2024-08-09 03:22:06,585
2024-08-09 03:22:08,457
2024-08-09 03:22:10,586
2024-08-09 03:22:12,545
2024-08-09 03:22:14,624
2024-08-09 03:22:16,486
2024-08-09 03:22:18,319