"Time","Active VUs"
2024-08-09 02:35:26,1
2024-08-09 02:35:27,1
2024-08-09 02:35:28,1
2024-08-09 02:35:29,1
2024-08-09 02:35:30,1
2024-08-09 02:35:31,1
2024-08-09 02:35:32,1
2024-08-09 02:35:33,1
2024-08-09 02:35:34,1
2024-08-09 02:35:35,1
2024-08-09 02:35:36,1
2024-08-09 02:35:37,1
2024-08-09 02:35:38,1
2024-08-09 02:35:39,1
2024-08-09 02:35:40,1
2024-08-09 02:35:41,1
2024-08-09 02:35:42,1
2024-08-09 02:35:43,1
2024-08-09 02:35:44,1
2024-08-09 02:35:45,1
2024-08-09 02:35:46,1
2024-08-09 02:35:47,1
2024-08-09 02:35:48,1
2024-08-09 02:35:49,1
2024-08-09 02:35:50,1
2024-08-09 02:35:51,1
2024-08-09 02:35:52,1
2024-08-09 02:35:53,1
2024-08-09 02:35:54,1
2024-08-09 02:35:55,1
2024-08-09 02:35:56,1
2024-08-09 02:35:57,1
2024-08-09 02:35:58,1
2024-08-09 02:35:59,1
2024-08-09 02:36:00,1
2024-08-09 02:36:01,1
2024-08-09 02:36:02,1
2024-08-09 02:36:03,1
2024-08-09 02:36:04,1
2024-08-09 02:36:05,1
2024-08-09 02:36:06,1
2024-08-09 02:36:07,1
2024-08-09 02:36:08,1
2024-08-09 02:36:09,1
2024-08-09 02:36:10,1
2024-08-09 02:36:11,1
2024-08-09 02:36:12,1
2024-08-09 02:36:13,1
2024-08-09 02:36:14,1
2024-08-09 02:36:15,1
2024-08-09 02:36:16,1
2024-08-09 02:36:17,1
2024-08-09 02:36:18,1
2024-08-09 02:36:19,1
2024-08-09 02:36:20,1
2024-08-09 02:36:21,1
2024-08-09 02:36:22,1
2024-08-09 02:36:23,1
2024-08-09 02:36:24,1
2024-08-09 02:36:25,1
2024-08-09 02:36:26,1
2024-08-09 02:36:27,3
2024-08-09 02:36:28,5
2024-08-09 02:36:29,6
2024-08-09 02:36:30,8
2024-08-09 02:36:31,10
2024-08-09 02:36:32,11
2024-08-09 02:36:33,13
2024-08-09 02:36:34,15
2024-08-09 02:36:35,16
2024-08-09 02:36:36,18
2024-08-09 02:36:37,20
2024-08-09 02:36:38,21
2024-08-09 02:36:39,23
2024-08-09 02:36:40,25
2024-08-09 02:36:41,26
2024-08-09 02:36:42,28
2024-08-09 02:36:43,29
2024-08-09 02:36:44,31
2024-08-09 02:36:45,33
2024-08-09 02:36:46,34
2024-08-09 02:36:47,36
2024-08-09 02:36:48,38
2024-08-09 02:36:49,39
2024-08-09 02:36:50,41
2024-08-09 02:36:51,43
2024-08-09 02:36:52,44
2024-08-09 02:36:53,46
2024-08-09 02:36:54,48
2024-08-09 02:36:55,49
2024-08-09 02:36:56,51
2024-08-09 02:36:57,53
2024-08-09 02:36:58,54
2024-08-09 02:36:59,56
2024-08-09 02:37:00,58
2024-08-09 02:37:01,59
2024-08-09 02:37:02,61
2024-08-09 02:37:03,62
2024-08-09 02:37:04,64
2024-08-09 02:37:05,66
2024-08-09 02:37:06,67
2024-08-09 02:37:07,69
2024-08-09 02:37:08,71
2024-08-09 02:37:09,72
2024-08-09 02:37:10,74
2024-08-09 02:37:11,76
2024-08-09 02:37:12,77
2024-08-09 02:37:13,79
2024-08-09 02:37:14,81
2024-08-09 02:37:15,82
2024-08-09 02:37:16,84
2024-08-09 02:37:17,86
2024-08-09 02:37:18,87
2024-08-09 02:37:19,89
2024-08-09 02:37:20,91
2024-08-09 02:37:21,92
2024-08-09 02:37:22,94
2024-08-09 02:37:23,95
2024-08-09 02:37:24,97
2024-08-09 02:37:25,99
2024-08-09 02:37:26,100
2024-08-09 02:37:27,102
2024-08-09 02:37:28,104
2024-08-09 02:37:29,105
2024-08-09 02:37:30,107
2024-08-09 02:37:31,109
2024-08-09 02:37:32,110
2024-08-09 02:37:33,112
2024-08-09 02:37:34,114
2024-08-09 02:37:35,115
2024-08-09 02:37:36,117
2024-08-09 02:37:37,119
2024-08-09 02:37:38,120
2024-08-09 02:37:39,122
2024-08-09 02:37:40,124
2024-08-09 02:37:41,125
2024-08-09 02:37:42,127
2024-08-09 02:37:43,129
2024-08-09 02:37:44,130
2024-08-09 02:37:45,132
2024-08-09 02:37:46,134
2024-08-09 02:37:47,135
2024-08-09 02:37:48,137
2024-08-09 02:37:49,139
2024-08-09 02:37:50,140
2024-08-09 02:37:51,142
2024-08-09 02:37:52,144
2024-08-09 02:37:53,145
2024-08-09 02:37:54,147
2024-08-09 02:37:55,149
2024-08-09 02:37:56,150
2024-08-09 02:37:57,152
2024-08-09 02:37:58,154
2024-08-09 02:37:59,155
2024-08-09 02:38:00,157
2024-08-09 02:38:01,159
2024-08-09 02:38:02,160
2024-08-09 02:38:03,162
2024-08-09 02:38:04,164
2024-08-09 02:38:05,165
2024-08-09 02:38:06,167
2024-08-09 02:38:07,169
2024-08-09 02:38:08,170
2024-08-09 02:38:09,172
2024-08-09 02:38:10,174
2024-08-09 02:38:11,175
2024-08-09 02:38:12,177
2024-08-09 02:38:13,179
2024-08-09 02:38:14,180
2024-08-09 02:38:15,182
2024-08-09 02:38:16,184
2024-08-09 02:38:17,185
2024-08-09 02:38:18,187
2024-08-09 02:38:19,189
2024-08-09 02:38:20,190
2024-08-09 02:38:21,192
2024-08-09 02:38:22,194
2024-08-09 02:38:23,195
2024-08-09 02:38:24,197
2024-08-09 02:38:25,199
2024-08-09 02:38:26,200
2024-08-09 02:38:27,202
2024-08-09 02:38:28,204
2024-08-09 02:38:29,205
2024-08-09 02:38:30,207
2024-08-09 02:38:31,209
2024-08-09 02:38:32,210
2024-08-09 02:38:33,212
2024-08-09 02:38:34,214
2024-08-09 02:38:35,215
2024-08-09 02:38:36,217
2024-08-09 02:38:37,219
2024-08-09 02:38:38,220
2024-08-09 02:38:39,222
2024-08-09 02:38:40,224
2024-08-09 02:38:41,225
2024-08-09 02:38:42,227
2024-08-09 02:38:43,229
2024-08-09 02:38:44,230
2024-08-09 02:38:45,232
2024-08-09 02:38:46,234
2024-08-09 02:38:47,235
2024-08-09 02:38:48,237
2024-08-09 02:38:49,239
2024-08-09 02:38:50,240
2024-08-09 02:38:51,242
2024-08-09 02:38:52,244
2024-08-09 02:38:53,245
2024-08-09 02:38:54,247
2024-08-09 02:38:55,249
2024-08-09 02:38:56,250
2024-08-09 02:38:57,252
2024-08-09 02:38:58,254
2024-08-09 02:38:59,255
2024-08-09 02:39:00,257
2024-08-09 02:39:01,259
2024-08-09 02:39:02,260
2024-08-09 02:39:03,262
2024-08-09 02:39:04,264
2024-08-09 02:39:05,265
2024-08-09 02:39:06,267
2024-08-09 02:39:07,269
2024-08-09 02:39:08,270
2024-08-09 02:39:09,272
2024-08-09 02:39:10,274
2024-08-09 02:39:11,275
2024-08-09 02:39:12,277
2024-08-09 02:39:13,279
2024-08-09 02:39:14,280
2024-08-09 02:39:15,282
2024-08-09 02:39:16,284
2024-08-09 02:39:17,285
2024-08-09 02:39:18,287
2024-08-09 02:39:19,289
2024-08-09 02:39:20,290
2024-08-09 02:39:21,292
2024-08-09 02:39:22,294
2024-08-09 02:39:23,295
2024-08-09 02:39:24,297
2024-08-09 02:39:25,299
2024-08-09 02:39:26,300
2024-08-09 02:39:27,302
2024-08-09 02:39:28,304
2024-08-09 02:39:29,305
2024-08-09 02:39:30,307
2024-08-09 02:39:31,309
2024-08-09 02:39:32,310
2024-08-09 02:39:33,312
2024-08-09 02:39:34,314
2024-08-09 02:39:35,315
2024-08-09 02:39:36,317
2024-08-09 02:39:37,319
2024-08-09 02:39:38,320
2024-08-09 02:39:39,322
2024-08-09 02:39:40,324
2024-08-09 02:39:41,325
2024-08-09 02:39:42,327
2024-08-09 02:39:43,329
2024-08-09 02:39:44,330
2024-08-09 02:39:45,332
2024-08-09 02:39:46,334
2024-08-09 02:39:47,335
2024-08-09 02:39:48,337
2024-08-09 02:39:49,339
2024-08-09 02:39:50,340
2024-08-09 02:39:51,342
2024-08-09 02:39:52,344
2024-08-09 02:39:53,345
2024-08-09 02:39:54,347
2024-08-09 02:39:55,349
2024-08-09 02:39:56,350
2024-08-09 02:39:57,352
2024-08-09 02:39:58,354
2024-08-09 02:39:59,355
2024-08-09 02:40:00,357
2024-08-09 02:40:01,359
2024-08-09 02:40:02,360
2024-08-09 02:40:03,362
2024-08-09 02:40:04,364
2024-08-09 02:40:05,365
2024-08-09 02:40:06,367
2024-08-09 02:40:07,369
2024-08-09 02:40:08,370
2024-08-09 02:40:09,372
2024-08-09 02:40:10,374
2024-08-09 02:40:11,375
2024-08-09 02:40:12,377
2024-08-09 02:40:13,379
2024-08-09 02:40:14,380
2024-08-09 02:40:15,382
2024-08-09 02:40:16,384
2024-08-09 02:40:17,385
2024-08-09 02:40:18,387
2024-08-09 02:40:19,389
2024-08-09 02:40:20,390
2024-08-09 02:40:21,392
2024-08-09 02:40:22,394
2024-08-09 02:40:23,395
2024-08-09 02:40:24,397
2024-08-09 02:40:25,399
2024-08-09 02:40:26,400
2024-08-09 02:40:27,402
2024-08-09 02:40:28,404
2024-08-09 02:40:29,405
2024-08-09 02:40:30,407
2024-08-09 02:40:31,409
2024-08-09 02:40:32,410
2024-08-09 02:40:33,412
2024-08-09 02:40:34,414
2024-08-09 02:40:35,415
2024-08-09 02:40:36,417
2024-08-09 02:40:37,419
2024-08-09 02:40:38,420
2024-08-09 02:40:39,422
2024-08-09 02:40:40,424
2024-08-09 02:40:41,425
2024-08-09 02:40:42,427
2024-08-09 02:40:43,429
2024-08-09 02:40:44,430
2024-08-09 02:40:45,432
2024-08-09 02:40:46,434
2024-08-09 02:40:47,435
2024-08-09 02:40:48,437
2024-08-09 02:40:49,439
2024-08-09 02:40:50,440
2024-08-09 02:40:51,442
2024-08-09 02:40:52,444
2024-08-09 02:40:53,445
2024-08-09 02:40:54,447
2024-08-09 02:40:55,449
2024-08-09 02:40:56,450
2024-08-09 02:40:57,452
2024-08-09 02:40:58,454
2024-08-09 02:40:59,455
2024-08-09 02:41:00,457
2024-08-09 02:41:01,459
2024-08-09 02:41:02,460
2024-08-09 02:41:03,462
2024-08-09 02:41:04,464
2024-08-09 02:41:05,465
2024-08-09 02:41:06,467
2024-08-09 02:41:07,469
2024-08-09 02:41:08,470
2024-08-09 02:41:09,472
2024-08-09 02:41:10,474
2024-08-09 02:41:11,475
2024-08-09 02:41:12,477
2024-08-09 02:41:13,479
2024-08-09 02:41:14,480
2024-08-09 02:41:15,482
2024-08-09 02:41:16,484
2024-08-09 02:41:17,485
2024-08-09 02:41:18,487
2024-08-09 02:41:19,489
2024-08-09 02:41:20,490
2024-08-09 02:41:21,492
2024-08-09 02:41:22,494
2024-08-09 02:41:23,495
2024-08-09 02:41:24,497
2024-08-09 02:41:25,499
2024-08-09 02:41:26,500
2024-08-09 02:41:27,502
2024-08-09 02:41:28,504
2024-08-09 02:41:29,505
2024-08-09 02:41:30,507
2024-08-09 02:41:31,509
2024-08-09 02:41:32,510
2024-08-09 02:41:33,512
2024-08-09 02:41:34,514
2024-08-09 02:41:35,515
2024-08-09 02:41:36,517
2024-08-09 02:41:37,519
2024-08-09 02:41:38,520
2024-08-09 02:41:39,522
2024-08-09 02:41:40,524
2024-08-09 02:41:41,525
2024-08-09 02:41:42,527
2024-08-09 02:41:43,529
2024-08-09 02:41:44,530
2024-08-09 02:41:45,532
2024-08-09 02:41:46,534
2024-08-09 02:41:47,535
2024-08-09 02:41:48,537
2024-08-09 02:41:49,539
2024-08-09 02:41:50,540
2024-08-09 02:41:51,542
2024-08-09 02:41:52,544
2024-08-09 02:41:53,545
2024-08-09 02:41:54,547
2024-08-09 02:41:55,549
2024-08-09 02:41:56,550
2024-08-09 02:41:57,552
2024-08-09 02:41:58,554
2024-08-09 02:41:59,555
2024-08-09 02:42:00,557
2024-08-09 02:42:01,559
2024-08-09 02:42:02,560
2024-08-09 02:42:03,562
2024-08-09 02:42:04,564
2024-08-09 02:42:05,565
2024-08-09 02:42:06,567
2024-08-09 02:42:07,569
2024-08-09 02:42:08,570
2024-08-09 02:42:09,572
2024-08-09 02:42:10,574
2024-08-09 02:42:11,575
2024-08-09 02:42:12,577
2024-08-09 02:42:13,579
2024-08-09 02:42:14,580
2024-08-09 02:42:15,582
2024-08-09 02:42:16,584
2024-08-09 02:42:17,585
2024-08-09 02:42:18,587
2024-08-09 02:42:19,589
2024-08-09 02:42:20,590
2024-08-09 02:42:21,592
2024-08-09 02:42:22,594
2024-08-09 02:42:23,595
2024-08-09 02:42:24,597
2024-08-09 02:42:25,599
2024-08-09 02:42:26,600
2024-08-09 02:42:27,602
2024-08-09 02:42:28,604
2024-08-09 02:42:29,605
2024-08-09 02:42:30,607
2024-08-09 02:42:31,609
2024-08-09 02:42:32,610
2024-08-09 02:42:33,612
2024-08-09 02:42:34,614
2024-08-09 02:42:35,615
2024-08-09 02:42:36,617
2024-08-09 02:42:37,619
2024-08-09 02:42:38,620
2024-08-09 02:42:39,622
2024-08-09 02:42:40,624
2024-08-09 02:42:41,625
2024-08-09 02:42:42,627
2024-08-09 02:42:43,629
2024-08-09 02:42:44,630
2024-08-09 02:42:45,632
2024-08-09 02:42:46,634
2024-08-09 02:42:47,635
2024-08-09 02:42:48,637
2024-08-09 02:42:49,639
2024-08-09 02:42:50,640
2024-08-09 02:42:51,642
2024-08-09 02:42:52,644
2024-08-09 02:42:53,645
2024-08-09 02:42:54,647
2024-08-09 02:42:55,649
2024-08-09 02:42:56,650
2024-08-09 02:42:57,652
2024-08-09 02:42:58,654
2024-08-09 02:42:59,655
2024-08-09 02:43:00,657
2024-08-09 02:43:01,659
2024-08-09 02:43:02,660
2024-08-09 02:43:03,662
2024-08-09 02:43:04,664
2024-08-09 02:43:05,665
2024-08-09 02:43:06,667
2024-08-09 02:43:07,669
2024-08-09 02:43:08,670
2024-08-09 02:43:09,672
2024-08-09 02:43:10,674
2024-08-09 02:43:11,675
2024-08-09 02:43:12,677
2024-08-09 02:43:13,679
2024-08-09 02:43:14,680
2024-08-09 02:43:15,682
2024-08-09 02:43:16,684
2024-08-09 02:43:17,685
2024-08-09 02:43:18,687
2024-08-09 02:43:19,689
2024-08-09 02:43:20,690
2024-08-09 02:43:21,692
2024-08-09 02:43:22,694
2024-08-09 02:43:23,695
2024-08-09 02:43:24,697
2024-08-09 02:43:25,699
2024-08-09 02:43:26,700
2024-08-09 02:43:27,702
2024-08-09 02:43:28,704
2024-08-09 02:43:29,705
2024-08-09 02:43:30,707
2024-08-09 02:43:31,709
2024-08-09 02:43:32,710
2024-08-09 02:43:33,712
2024-08-09 02:43:34,714
2024-08-09 02:43:35,715
2024-08-09 02:43:36,717
2024-08-09 02:43:37,719
2024-08-09 02:43:38,720
2024-08-09 02:43:39,722
2024-08-09 02:43:40,724
2024-08-09 02:43:41,725
2024-08-09 02:43:42,727
2024-08-09 02:43:43,729
2024-08-09 02:43:44,730
2024-08-09 02:43:45,732
2024-08-09 02:43:46,734
2024-08-09 02:43:47,735
2024-08-09 02:43:48,737
2024-08-09 02:43:49,739
2024-08-09 02:43:50,740
2024-08-09 02:43:51,742
2024-08-09 02:43:52,744
2024-08-09 02:43:53,745
2024-08-09 02:43:54,747
2024-08-09 02:43:55,749
2024-08-09 02:43:56,750
2024-08-09 02:43:57,752
2024-08-09 02:43:58,754
2024-08-09 02:43:59,755
2024-08-09 02:44:00,757
2024-08-09 02:44:01,759
2024-08-09 02:44:02,760
2024-08-09 02:44:03,762
2024-08-09 02:44:04,764
2024-08-09 02:44:05,765
2024-08-09 02:44:06,767
2024-08-09 02:44:07,769
2024-08-09 02:44:08,770
2024-08-09 02:44:09,772
2024-08-09 02:44:10,774
2024-08-09 02:44:11,775
2024-08-09 02:44:12,777
2024-08-09 02:44:13,779
2024-08-09 02:44:14,780
2024-08-09 02:44:15,782
2024-08-09 02:44:16,784
2024-08-09 02:44:17,785
2024-08-09 02:44:18,787
2024-08-09 02:44:19,789
2024-08-09 02:44:20,790
2024-08-09 02:44:21,792
2024-08-09 02:44:22,794
2024-08-09 02:44:23,795
2024-08-09 02:44:24,797
2024-08-09 02:44:25,799
2024-08-09 02:44:26,800
2024-08-09 02:44:27,802
2024-08-09 02:44:28,804
2024-08-09 02:44:29,805
2024-08-09 02:44:30,807
2024-08-09 02:44:31,809
2024-08-09 02:44:32,810
2024-08-09 02:44:33,812
2024-08-09 02:44:34,814
2024-08-09 02:44:35,815
2024-08-09 02:44:36,817
2024-08-09 02:44:37,819
2024-08-09 02:44:38,820
2024-08-09 02:44:39,822
2024-08-09 02:44:40,824
2024-08-09 02:44:41,825
2024-08-09 02:44:42,827
2024-08-09 02:44:43,829
2024-08-09 02:44:44,830
2024-08-09 02:44:45,832
2024-08-09 02:44:46,834
2024-08-09 02:44:47,835
2024-08-09 02:44:48,837
2024-08-09 02:44:49,839
2024-08-09 02:44:50,840
2024-08-09 02:44:51,842
2024-08-09 02:44:52,844
2024-08-09 02:44:53,845
2024-08-09 02:44:54,847
2024-08-09 02:44:55,849
2024-08-09 02:44:56,850
2024-08-09 02:44:57,852
2024-08-09 02:44:58,854
2024-08-09 02:44:59,855
2024-08-09 02:45:00,857
2024-08-09 02:45:01,859
2024-08-09 02:45:02,860
2024-08-09 02:45:03,862
2024-08-09 02:45:04,864
2024-08-09 02:45:05,865
2024-08-09 02:45:06,867
2024-08-09 02:45:07,869
2024-08-09 02:45:08,870
2024-08-09 02:45:09,872
2024-08-09 02:45:10,874
2024-08-09 02:45:11,875
2024-08-09 02:45:12,877
2024-08-09 02:45:13,879
2024-08-09 02:45:14,880
2024-08-09 02:45:15,882
2024-08-09 02:45:16,884
2024-08-09 02:45:17,885
2024-08-09 02:45:18,887
2024-08-09 02:45:19,889
2024-08-09 02:45:20,890
2024-08-09 02:45:21,892
2024-08-09 02:45:22,894
2024-08-09 02:45:23,895
2024-08-09 02:45:24,897
2024-08-09 02:45:25,899
2024-08-09 02:45:26,900
2024-08-09 02:45:27,902
2024-08-09 02:45:28,904
2024-08-09 02:45:29,905
2024-08-09 02:45:30,907
2024-08-09 02:45:31,909
2024-08-09 02:45:32,911
2024-08-09 02:45:33,912
2024-08-09 02:45:34,914
2024-08-09 02:45:35,915
2024-08-09 02:45:36,917
2024-08-09 02:45:37,919
2024-08-09 02:45:38,920
2024-08-09 02:45:39,922
2024-08-09 02:45:40,924
2024-08-09 02:45:41,925
2024-08-09 02:45:42,927
2024-08-09 02:45:43,929
2024-08-09 02:45:44,930
2024-08-09 02:45:45,932
2024-08-09 02:45:46,934
2024-08-09 02:45:47,935
2024-08-09 02:45:48,937
2024-08-09 02:45:49,939
2024-08-09 02:45:50,940
2024-08-09 02:45:51,942
2024-08-09 02:45:52,944
2024-08-09 02:45:53,945
2024-08-09 02:45:54,947
2024-08-09 02:45:55,949
2024-08-09 02:45:56,950
2024-08-09 02:45:57,952
2024-08-09 02:45:58,954
2024-08-09 02:45:59,955
2024-08-09 02:46:00,957
2024-08-09 02:46:01,959
2024-08-09 02:46:02,960
2024-08-09 02:46:03,962
2024-08-09 02:46:04,964
2024-08-09 02:46:05,965
2024-08-09 02:46:06,967
2024-08-09 02:46:07,969
2024-08-09 02:46:08,970
2024-08-09 02:46:09,972
2024-08-09 02:46:10,974
2024-08-09 02:46:11,975
2024-08-09 02:46:12,977
2024-08-09 02:46:13,979
2024-08-09 02:46:14,980
2024-08-09 02:46:15,982
2024-08-09 02:46:16,984
2024-08-09 02:46:17,985
2024-08-09 02:46:18,987
2024-08-09 02:46:19,989
2024-08-09 02:46:20,990
2024-08-09 02:46:21,992
2024-08-09 02:46:22,994
2024-08-09 02:46:23,995
2024-08-09 02:46:24,997
2024-08-09 02:46:25,999